id,label,businessId
1,MASKS REQUIRED,1
2,INDOOR DINING,1
3,CURBSIDE PICKUP,1
4,LOW DENSITY,1
5,ADEQUATE SUPPLIES,1
6,MASKS REQUIRED,2
7,6 FT APART,2
8,OUTDOOR DINING,2
9,CURBSIDE PICKUP,2
10,TRAINED WORKERS,2
11,6 FT APART,3
12,OUTDOOR DINING,3
13,INDOOR DINING,3
14,TRAINED WORKERS,3
15,LOW DENSITY,3
16,6 FT APART,4
17,OUTDOOR DINING,4
18,INDOOR DINING,4
19,CURBSIDE PICKUP,4
20,TRAINED WORKERS,4
21,MASKS REQUIRED,5
22,CURBSIDE PICKUP,5
23,MASKS REQUIRED,6
24,INDOOR DINING,6
25,LOW DENSITY,6
26,ADEQUATE SUPPLIES,6
27,MASKS REQUIRED,7
28,LOW DENSITY,7
29,6 FT APART,8
30,OUTDOOR DINING,8
31,CURBSIDE PICKUP,8
32,TRAINED WORKERS,8
33,ADEQUATE SUPPLIES,8
34,MASKS REQUIRED,9
35,OUTDOOR DINING,9
36,CURBSIDE PICKUP,9
37,TRAINED WORKERS,9
38,ADEQUATE SUPPLIES,9
39,MASKS REQUIRED,10
40,6 FT APART,10
41,OUTDOOR DINING,10
42,DISINFECTION,10
43,LOW DENSITY,10
44,OUTDOOR DINING,11
45,INDOOR DINING,11
46,CURBSIDE PICKUP,11
47,DISINFECTION,11
48,TRAINED WORKERS,11
49,LOW DENSITY,11
50,DISINFECTION,12
51,TRAINED WORKERS,12
52,INDOOR DINING,13
53,CURBSIDE PICKUP,13
54,LOW DENSITY,13
55,ADEQUATE SUPPLIES,13
56,6 FT APART,14
57,OUTDOOR DINING,14
58,INDOOR DINING,14
59,DISINFECTION,14
60,LOW DENSITY,14
61,ADEQUATE SUPPLIES,14
62,INDOOR DINING,15
63,DISINFECTION,15
64,LOW DENSITY,15
65,MASKS REQUIRED,16
66,6 FT APART,16
67,INDOOR DINING,16
68,TRAINED WORKERS,16
69,LOW DENSITY,16
70,6 FT APART,17
71,OUTDOOR DINING,17
72,CURBSIDE PICKUP,17
73,TRAINED WORKERS,17
74,ADEQUATE SUPPLIES,17
75,MASKS REQUIRED,18
76,INDOOR DINING,18
77,6 FT APART,19
78,OUTDOOR DINING,19
79,CURBSIDE PICKUP,19
80,TRAINED WORKERS,19
81,ADEQUATE SUPPLIES,19
82,MASKS REQUIRED,20
83,6 FT APART,20
84,CURBSIDE PICKUP,20
85,TRAINED WORKERS,20
86,MASKS REQUIRED,21
87,6 FT APART,21
88,OUTDOOR DINING,21
89,CURBSIDE PICKUP,21
90,ADEQUATE SUPPLIES,21
91,MASKS REQUIRED,22
92,6 FT APART,22
93,OUTDOOR DINING,22
94,INDOOR DINING,22
95,CURBSIDE PICKUP,22
96,DISINFECTION,22
97,TRAINED WORKERS,22
98,LOW DENSITY,22
99,ADEQUATE SUPPLIES,22
100,CURBSIDE PICKUP,23
101,LOW DENSITY,23
102,ADEQUATE SUPPLIES,23
103,MASKS REQUIRED,24
104,6 FT APART,24
105,OUTDOOR DINING,24
106,MASKS REQUIRED,25
107,OUTDOOR DINING,25
108,INDOOR DINING,25
109,ADEQUATE SUPPLIES,25
110,MASKS REQUIRED,26
111,6 FT APART,26
112,OUTDOOR DINING,26
113,INDOOR DINING,26
114,TRAINED WORKERS,26
115,ADEQUATE SUPPLIES,26
116,OUTDOOR DINING,27
117,CURBSIDE PICKUP,27
118,TRAINED WORKERS,27
119,LOW DENSITY,27
120,ADEQUATE SUPPLIES,27
121,6 FT APART,28
122,INDOOR DINING,28
123,TRAINED WORKERS,28
124,LOW DENSITY,28
125,MASKS REQUIRED,29
126,INDOOR DINING,29
127,TRAINED WORKERS,29
128,MASKS REQUIRED,30
129,INDOOR DINING,30
130,CURBSIDE PICKUP,30
131,DISINFECTION,30
132,ADEQUATE SUPPLIES,30
133,OUTDOOR DINING,31
134,TRAINED WORKERS,31
135,ADEQUATE SUPPLIES,31
136,MASKS REQUIRED,32
137,CURBSIDE PICKUP,32
138,DISINFECTION,32
139,TRAINED WORKERS,32
140,MASKS REQUIRED,33
141,OUTDOOR DINING,33
142,TRAINED WORKERS,33
143,LOW DENSITY,33
144,ADEQUATE SUPPLIES,33
145,6 FT APART,34
146,OUTDOOR DINING,34
147,CURBSIDE PICKUP,34
148,MASKS REQUIRED,35
149,OUTDOOR DINING,35
150,INDOOR DINING,35
151,MASKS REQUIRED,36
152,6 FT APART,36
153,OUTDOOR DINING,36
154,CURBSIDE PICKUP,36
155,TRAINED WORKERS,36
156,LOW DENSITY,36
157,MASKS REQUIRED,37
158,OUTDOOR DINING,37
159,INDOOR DINING,37
160,LOW DENSITY,37
161,CURBSIDE PICKUP,38
162,LOW DENSITY,38
163,6 FT APART,39
164,CURBSIDE PICKUP,39
165,DISINFECTION,39
166,ADEQUATE SUPPLIES,39
167,MASKS REQUIRED,40
168,6 FT APART,40
169,6 FT APART,41
170,MASKS REQUIRED,42
171,6 FT APART,42
172,OUTDOOR DINING,42
173,INDOOR DINING,42
174,CURBSIDE PICKUP,42
175,MASKS REQUIRED,43
176,6 FT APART,43
177,OUTDOOR DINING,43
178,DISINFECTION,43
179,LOW DENSITY,43
180,MASKS REQUIRED,44
181,OUTDOOR DINING,44
182,CURBSIDE PICKUP,44
183,MASKS REQUIRED,45
184,OUTDOOR DINING,45
185,TRAINED WORKERS,45
186,MASKS REQUIRED,46
187,6 FT APART,46
188,TRAINED WORKERS,46
189,LOW DENSITY,46
190,ADEQUATE SUPPLIES,46
191,MASKS REQUIRED,47
192,6 FT APART,47
193,DISINFECTION,47
194,LOW DENSITY,47
195,MASKS REQUIRED,48
196,OUTDOOR DINING,48
197,INDOOR DINING,48
198,DISINFECTION,48
199,LOW DENSITY,48
200,CURBSIDE PICKUP,49
201,TRAINED WORKERS,49
202,ADEQUATE SUPPLIES,49
203,MASKS REQUIRED,50
204,6 FT APART,50
205,INDOOR DINING,50
206,DISINFECTION,50
207,TRAINED WORKERS,50
208,MASKS REQUIRED,51
209,6 FT APART,51
210,DISINFECTION,51
211,LOW DENSITY,51
212,ADEQUATE SUPPLIES,51
213,MASKS REQUIRED,52
214,6 FT APART,52
215,OUTDOOR DINING,52
216,INDOOR DINING,52
217,DISINFECTION,52
218,TRAINED WORKERS,52
219,LOW DENSITY,52
220,ADEQUATE SUPPLIES,52
221,MASKS REQUIRED,53
222,INDOOR DINING,53
223,CURBSIDE PICKUP,53
224,TRAINED WORKERS,53
225,OUTDOOR DINING,54
226,DISINFECTION,54
227,TRAINED WORKERS,54
228,OUTDOOR DINING,55
229,INDOOR DINING,55
230,CURBSIDE PICKUP,55
231,LOW DENSITY,55
232,ADEQUATE SUPPLIES,55
233,MASKS REQUIRED,56
234,6 FT APART,56
235,OUTDOOR DINING,56
236,INDOOR DINING,56
237,DISINFECTION,56
238,LOW DENSITY,56
239,ADEQUATE SUPPLIES,56
240,OUTDOOR DINING,57
241,LOW DENSITY,57
242,MASKS REQUIRED,58
243,6 FT APART,58
244,OUTDOOR DINING,58
245,INDOOR DINING,58
246,DISINFECTION,58
247,ADEQUATE SUPPLIES,58
248,MASKS REQUIRED,59
249,6 FT APART,59
250,OUTDOOR DINING,59
251,CURBSIDE PICKUP,59
252,TRAINED WORKERS,59
253,LOW DENSITY,59
254,6 FT APART,60
255,OUTDOOR DINING,60
256,CURBSIDE PICKUP,60
257,DISINFECTION,60
258,TRAINED WORKERS,60
259,LOW DENSITY,60
260,ADEQUATE SUPPLIES,60
261,MASKS REQUIRED,61
262,DISINFECTION,61
263,TRAINED WORKERS,61
264,LOW DENSITY,61
265,ADEQUATE SUPPLIES,61
266,OUTDOOR DINING,62
267,DISINFECTION,62
268,TRAINED WORKERS,62
269,ADEQUATE SUPPLIES,62
270,OUTDOOR DINING,63
271,LOW DENSITY,63
272,MASKS REQUIRED,64
273,OUTDOOR DINING,64
274,DISINFECTION,64
275,TRAINED WORKERS,64
276,LOW DENSITY,64
277,ADEQUATE SUPPLIES,64
278,OUTDOOR DINING,65
279,INDOOR DINING,65
280,LOW DENSITY,65
281,MASKS REQUIRED,66
282,6 FT APART,66
283,OUTDOOR DINING,66
284,INDOOR DINING,66
285,CURBSIDE PICKUP,66
286,DISINFECTION,66
287,TRAINED WORKERS,66
288,ADEQUATE SUPPLIES,66
289,6 FT APART,67
290,OUTDOOR DINING,67
291,INDOOR DINING,67
292,CURBSIDE PICKUP,67
293,DISINFECTION,67
294,6 FT APART,68
295,INDOOR DINING,68
296,CURBSIDE PICKUP,68
297,TRAINED WORKERS,68
298,ADEQUATE SUPPLIES,68
299,MASKS REQUIRED,69
300,INDOOR DINING,69
301,CURBSIDE PICKUP,69
302,TRAINED WORKERS,69
303,MASKS REQUIRED,70
304,OUTDOOR DINING,70
305,DISINFECTION,70
306,ADEQUATE SUPPLIES,70
307,INDOOR DINING,71
308,DISINFECTION,71
309,TRAINED WORKERS,71
310,LOW DENSITY,71
311,6 FT APART,72
312,CURBSIDE PICKUP,72
313,DISINFECTION,72
314,TRAINED WORKERS,72
315,LOW DENSITY,72
316,MASKS REQUIRED,73
317,OUTDOOR DINING,73
318,INDOOR DINING,73
319,CURBSIDE PICKUP,73
320,LOW DENSITY,73
321,MASKS REQUIRED,74
322,6 FT APART,74
323,OUTDOOR DINING,74
324,INDOOR DINING,74
325,DISINFECTION,74
326,ADEQUATE SUPPLIES,74
327,OUTDOOR DINING,75
328,CURBSIDE PICKUP,75
329,DISINFECTION,75
330,LOW DENSITY,75
331,6 FT APART,76
332,OUTDOOR DINING,76
333,INDOOR DINING,76
334,CURBSIDE PICKUP,76
335,ADEQUATE SUPPLIES,76
336,OUTDOOR DINING,77
337,INDOOR DINING,77
338,CURBSIDE PICKUP,77
339,OUTDOOR DINING,78
340,INDOOR DINING,78
341,DISINFECTION,78
342,LOW DENSITY,78
343,ADEQUATE SUPPLIES,78
344,OUTDOOR DINING,79
345,CURBSIDE PICKUP,79
346,DISINFECTION,79
347,TRAINED WORKERS,79
348,INDOOR DINING,80
349,TRAINED WORKERS,80
350,LOW DENSITY,80
351,MASKS REQUIRED,81
352,OUTDOOR DINING,81
353,INDOOR DINING,81
354,CURBSIDE PICKUP,81
355,MASKS REQUIRED,82
356,INDOOR DINING,82
357,CURBSIDE PICKUP,82
358,TRAINED WORKERS,82
359,6 FT APART,83
360,OUTDOOR DINING,83
361,INDOOR DINING,83
362,DISINFECTION,83
363,TRAINED WORKERS,83
364,ADEQUATE SUPPLIES,83
365,INDOOR DINING,84
366,LOW DENSITY,84
367,MASKS REQUIRED,85
368,6 FT APART,85
369,CURBSIDE PICKUP,85
370,MASKS REQUIRED,86
371,6 FT APART,86
372,INDOOR DINING,86
373,CURBSIDE PICKUP,86
374,LOW DENSITY,86
375,ADEQUATE SUPPLIES,86
376,MASKS REQUIRED,87
377,OUTDOOR DINING,87
378,INDOOR DINING,87
379,DISINFECTION,87
380,MASKS REQUIRED,88
381,6 FT APART,88
382,CURBSIDE PICKUP,88
383,TRAINED WORKERS,88
384,ADEQUATE SUPPLIES,88
385,6 FT APART,89
386,TRAINED WORKERS,89
387,OUTDOOR DINING,90
388,INDOOR DINING,90
389,ADEQUATE SUPPLIES,90
390,MASKS REQUIRED,91
391,OUTDOOR DINING,91
392,CURBSIDE PICKUP,91
393,DISINFECTION,91
394,ADEQUATE SUPPLIES,91
395,6 FT APART,92
396,INDOOR DINING,92
397,CURBSIDE PICKUP,92
398,DISINFECTION,92
399,LOW DENSITY,92
400,ADEQUATE SUPPLIES,92
401,MASKS REQUIRED,93
402,6 FT APART,93
403,OUTDOOR DINING,93
404,DISINFECTION,93
405,TRAINED WORKERS,93
406,ADEQUATE SUPPLIES,93
407,MASKS REQUIRED,94
408,6 FT APART,94
409,LOW DENSITY,94
410,6 FT APART,95
411,INDOOR DINING,95
412,CURBSIDE PICKUP,95
413,ADEQUATE SUPPLIES,95
414,OUTDOOR DINING,96
415,ADEQUATE SUPPLIES,96
416,MASKS REQUIRED,97
417,INDOOR DINING,97
418,DISINFECTION,97
419,TRAINED WORKERS,97
420,LOW DENSITY,97
421,MASKS REQUIRED,98
422,OUTDOOR DINING,98
423,INDOOR DINING,98
424,CURBSIDE PICKUP,98
425,TRAINED WORKERS,98
426,LOW DENSITY,98
427,MASKS REQUIRED,99
428,CURBSIDE PICKUP,99
429,DISINFECTION,99
430,LOW DENSITY,99
431,MASKS REQUIRED,100
432,OUTDOOR DINING,100
433,INDOOR DINING,100
434,TRAINED WORKERS,100
435,LOW DENSITY,100
436,ADEQUATE SUPPLIES,100
437,MASKS REQUIRED,101
438,6 FT APART,101
439,CURBSIDE PICKUP,101
440,DISINFECTION,101
441,ADEQUATE SUPPLIES,101
442,OUTDOOR DINING,102
443,DISINFECTION,102
444,ADEQUATE SUPPLIES,102
445,6 FT APART,103
446,OUTDOOR DINING,103
447,DISINFECTION,103
448,TRAINED WORKERS,103
449,ADEQUATE SUPPLIES,103
450,6 FT APART,104
451,OUTDOOR DINING,104
452,INDOOR DINING,104
453,CURBSIDE PICKUP,104
454,TRAINED WORKERS,104
455,LOW DENSITY,104
456,INDOOR DINING,105
457,DISINFECTION,105
458,TRAINED WORKERS,105
459,LOW DENSITY,105
460,ADEQUATE SUPPLIES,105
461,LOW DENSITY,106
462,6 FT APART,107
463,LOW DENSITY,107
464,6 FT APART,108
465,TRAINED WORKERS,108
466,LOW DENSITY,108
467,ADEQUATE SUPPLIES,108
468,MASKS REQUIRED,109
469,6 FT APART,109
470,OUTDOOR DINING,109
471,INDOOR DINING,109
472,CURBSIDE PICKUP,109
473,TRAINED WORKERS,109
474,ADEQUATE SUPPLIES,109
475,6 FT APART,110
476,CURBSIDE PICKUP,110
477,DISINFECTION,110
478,TRAINED WORKERS,110
479,LOW DENSITY,110
480,ADEQUATE SUPPLIES,110
481,MASKS REQUIRED,111
482,INDOOR DINING,111
483,CURBSIDE PICKUP,111
484,LOW DENSITY,111
485,MASKS REQUIRED,112
486,DISINFECTION,112
487,TRAINED WORKERS,112
488,LOW DENSITY,112
489,MASKS REQUIRED,113
490,6 FT APART,113
491,CURBSIDE PICKUP,113
492,6 FT APART,114
493,TRAINED WORKERS,114
494,TRAINED WORKERS,115
495,LOW DENSITY,115
496,ADEQUATE SUPPLIES,115
497,MASKS REQUIRED,116
498,CURBSIDE PICKUP,116
499,DISINFECTION,116
500,LOW DENSITY,116
501,ADEQUATE SUPPLIES,116
502,6 FT APART,117
503,OUTDOOR DINING,117
504,INDOOR DINING,117
505,CURBSIDE PICKUP,117
506,LOW DENSITY,117
507,ADEQUATE SUPPLIES,117
508,MASKS REQUIRED,118
509,6 FT APART,118
510,OUTDOOR DINING,118
511,INDOOR DINING,118
512,TRAINED WORKERS,118
513,LOW DENSITY,118
514,MASKS REQUIRED,119
515,DISINFECTION,119
516,LOW DENSITY,119
517,ADEQUATE SUPPLIES,119
518,CURBSIDE PICKUP,120
519,6 FT APART,121
520,OUTDOOR DINING,121
521,INDOOR DINING,121
522,CURBSIDE PICKUP,121
523,DISINFECTION,121
524,TRAINED WORKERS,121
525,ADEQUATE SUPPLIES,121
526,DISINFECTION,122
527,MASKS REQUIRED,123
528,6 FT APART,123
529,OUTDOOR DINING,123
530,INDOOR DINING,123
531,DISINFECTION,123
532,TRAINED WORKERS,123
533,LOW DENSITY,123
534,CURBSIDE PICKUP,124
535,ADEQUATE SUPPLIES,124
536,OUTDOOR DINING,125
537,INDOOR DINING,125
538,CURBSIDE PICKUP,125
539,ADEQUATE SUPPLIES,125
540,CURBSIDE PICKUP,126
541,LOW DENSITY,126
542,6 FT APART,127
543,DISINFECTION,127
544,TRAINED WORKERS,127
545,LOW DENSITY,127
546,MASKS REQUIRED,128
547,6 FT APART,128
548,DISINFECTION,128
549,TRAINED WORKERS,128
550,ADEQUATE SUPPLIES,128
551,6 FT APART,129
552,MASKS REQUIRED,130
553,INDOOR DINING,130
554,CURBSIDE PICKUP,130
555,DISINFECTION,130
556,OUTDOOR DINING,131
557,INDOOR DINING,131
558,CURBSIDE PICKUP,131
559,INDOOR DINING,132
560,TRAINED WORKERS,132
561,LOW DENSITY,132
562,ADEQUATE SUPPLIES,132
563,OUTDOOR DINING,133
564,TRAINED WORKERS,133
565,LOW DENSITY,133
566,6 FT APART,134
567,CURBSIDE PICKUP,134
568,LOW DENSITY,134
569,ADEQUATE SUPPLIES,134
570,MASKS REQUIRED,135
571,OUTDOOR DINING,135
572,DISINFECTION,135
573,LOW DENSITY,135
574,ADEQUATE SUPPLIES,135
575,6 FT APART,136
576,OUTDOOR DINING,136
577,CURBSIDE PICKUP,136
578,TRAINED WORKERS,136
579,6 FT APART,137
580,INDOOR DINING,137
581,LOW DENSITY,137
582,ADEQUATE SUPPLIES,137
583,MASKS REQUIRED,138
584,OUTDOOR DINING,138
585,INDOOR DINING,138
586,CURBSIDE PICKUP,138
587,DISINFECTION,138
588,TRAINED WORKERS,138
589,ADEQUATE SUPPLIES,138
590,MASKS REQUIRED,139
591,6 FT APART,139
592,OUTDOOR DINING,139
593,CURBSIDE PICKUP,139
594,LOW DENSITY,139
595,ADEQUATE SUPPLIES,139
596,MASKS REQUIRED,140
597,6 FT APART,140
598,OUTDOOR DINING,140
599,CURBSIDE PICKUP,140
600,DISINFECTION,140
601,TRAINED WORKERS,140
602,ADEQUATE SUPPLIES,140
603,6 FT APART,141
604,INDOOR DINING,141
605,DISINFECTION,141
606,MASKS REQUIRED,142
607,6 FT APART,142
608,INDOOR DINING,142
609,DISINFECTION,142
610,TRAINED WORKERS,142
611,MASKS REQUIRED,143
612,6 FT APART,143
613,INDOOR DINING,143
614,TRAINED WORKERS,143
615,LOW DENSITY,143
616,MASKS REQUIRED,144
617,OUTDOOR DINING,144
618,DISINFECTION,144
619,ADEQUATE SUPPLIES,144
620,MASKS REQUIRED,145
621,CURBSIDE PICKUP,145
622,ADEQUATE SUPPLIES,145
623,OUTDOOR DINING,146
624,INDOOR DINING,146
625,CURBSIDE PICKUP,146
626,ADEQUATE SUPPLIES,146
627,OUTDOOR DINING,147
628,INDOOR DINING,147
629,CURBSIDE PICKUP,147
630,TRAINED WORKERS,147
631,MASKS REQUIRED,148
632,OUTDOOR DINING,148
633,INDOOR DINING,148
634,LOW DENSITY,148
635,6 FT APART,149
636,CURBSIDE PICKUP,149
637,TRAINED WORKERS,149
638,LOW DENSITY,149
639,ADEQUATE SUPPLIES,149
640,6 FT APART,150
641,OUTDOOR DINING,150
642,INDOOR DINING,150
643,DISINFECTION,150
644,TRAINED WORKERS,150
645,OUTDOOR DINING,151
646,INDOOR DINING,151
647,CURBSIDE PICKUP,151
648,OUTDOOR DINING,152
649,CURBSIDE PICKUP,152
650,TRAINED WORKERS,152
651,MASKS REQUIRED,153
652,OUTDOOR DINING,153
653,CURBSIDE PICKUP,153
654,DISINFECTION,153
655,TRAINED WORKERS,153
656,LOW DENSITY,153
657,ADEQUATE SUPPLIES,153
658,MASKS REQUIRED,154
659,6 FT APART,154
660,OUTDOOR DINING,154
661,CURBSIDE PICKUP,154
662,DISINFECTION,154
663,TRAINED WORKERS,154
664,LOW DENSITY,154
665,ADEQUATE SUPPLIES,154
666,MASKS REQUIRED,155
667,CURBSIDE PICKUP,155
668,ADEQUATE SUPPLIES,155
669,CURBSIDE PICKUP,156
670,TRAINED WORKERS,156
671,LOW DENSITY,156
672,MASKS REQUIRED,157
673,INDOOR DINING,157
674,CURBSIDE PICKUP,157
675,LOW DENSITY,157
676,MASKS REQUIRED,158
677,INDOOR DINING,158
678,DISINFECTION,158
679,TRAINED WORKERS,158
680,ADEQUATE SUPPLIES,158
681,OUTDOOR DINING,159
682,INDOOR DINING,159
683,LOW DENSITY,159
684,ADEQUATE SUPPLIES,159
685,6 FT APART,160
686,OUTDOOR DINING,160
687,INDOOR DINING,160
688,DISINFECTION,160
689,MASKS REQUIRED,161
690,OUTDOOR DINING,161
691,INDOOR DINING,161
692,CURBSIDE PICKUP,161
693,DISINFECTION,161
694,TRAINED WORKERS,161
695,LOW DENSITY,161
696,ADEQUATE SUPPLIES,161
697,6 FT APART,162
698,OUTDOOR DINING,162
699,CURBSIDE PICKUP,162
700,DISINFECTION,162
701,TRAINED WORKERS,162
702,LOW DENSITY,162
703,INDOOR DINING,163
704,CURBSIDE PICKUP,163
705,ADEQUATE SUPPLIES,163
706,MASKS REQUIRED,164
707,6 FT APART,164
708,CURBSIDE PICKUP,164
709,LOW DENSITY,164
710,6 FT APART,165
711,DISINFECTION,165
712,TRAINED WORKERS,165
713,ADEQUATE SUPPLIES,165
714,MASKS REQUIRED,166
715,DISINFECTION,166
716,LOW DENSITY,166
717,ADEQUATE SUPPLIES,166
718,6 FT APART,167
719,OUTDOOR DINING,167
720,TRAINED WORKERS,167
721,LOW DENSITY,167
722,CURBSIDE PICKUP,168
723,LOW DENSITY,168
724,MASKS REQUIRED,169
725,6 FT APART,169
726,OUTDOOR DINING,169
727,INDOOR DINING,169
728,LOW DENSITY,169
729,ADEQUATE SUPPLIES,169
730,MASKS REQUIRED,170
731,OUTDOOR DINING,170
732,DISINFECTION,170
733,LOW DENSITY,170
734,ADEQUATE SUPPLIES,170
735,MASKS REQUIRED,171
736,6 FT APART,171
737,OUTDOOR DINING,171
738,CURBSIDE PICKUP,171
739,DISINFECTION,171
740,LOW DENSITY,171
741,ADEQUATE SUPPLIES,171
742,6 FT APART,172
743,TRAINED WORKERS,172
744,MASKS REQUIRED,173
745,INDOOR DINING,173
746,TRAINED WORKERS,173
747,ADEQUATE SUPPLIES,173
748,MASKS REQUIRED,174
749,6 FT APART,174
750,INDOOR DINING,174
751,DISINFECTION,174
752,TRAINED WORKERS,174
753,MASKS REQUIRED,175
754,OUTDOOR DINING,175
755,DISINFECTION,175
756,TRAINED WORKERS,175
757,ADEQUATE SUPPLIES,175
758,MASKS REQUIRED,176
759,ADEQUATE SUPPLIES,176
760,MASKS REQUIRED,177
761,DISINFECTION,177
762,TRAINED WORKERS,177
763,LOW DENSITY,177
764,INDOOR DINING,178
765,DISINFECTION,178
766,TRAINED WORKERS,178
767,LOW DENSITY,178
768,ADEQUATE SUPPLIES,178
769,6 FT APART,179
770,OUTDOOR DINING,179
771,CURBSIDE PICKUP,179
772,DISINFECTION,179
773,LOW DENSITY,179
774,CURBSIDE PICKUP,180
775,ADEQUATE SUPPLIES,180
776,INDOOR DINING,181
777,TRAINED WORKERS,181
778,MASKS REQUIRED,182
779,6 FT APART,182
780,OUTDOOR DINING,182
781,CURBSIDE PICKUP,182
782,LOW DENSITY,182
783,6 FT APART,183
784,CURBSIDE PICKUP,183
785,DISINFECTION,183
786,TRAINED WORKERS,183
787,ADEQUATE SUPPLIES,183
788,INDOOR DINING,184
789,DISINFECTION,184
790,DISINFECTION,185
791,TRAINED WORKERS,185
792,INDOOR DINING,186
793,CURBSIDE PICKUP,186
794,TRAINED WORKERS,186
795,ADEQUATE SUPPLIES,186
796,MASKS REQUIRED,187
797,6 FT APART,187
798,CURBSIDE PICKUP,187
799,TRAINED WORKERS,187
800,LOW DENSITY,187
801,MASKS REQUIRED,188
802,6 FT APART,188
803,CURBSIDE PICKUP,188
804,MASKS REQUIRED,189
805,6 FT APART,189
806,OUTDOOR DINING,189
807,CURBSIDE PICKUP,189
808,ADEQUATE SUPPLIES,189
809,MASKS REQUIRED,190
810,OUTDOOR DINING,190
811,INDOOR DINING,190
812,CURBSIDE PICKUP,190
813,DISINFECTION,190
814,ADEQUATE SUPPLIES,190
815,MASKS REQUIRED,192
816,6 FT APART,192
817,CURBSIDE PICKUP,192
818,DISINFECTION,192
819,LOW DENSITY,192
820,MASKS REQUIRED,193
821,6 FT APART,193
822,INDOOR DINING,193
823,CURBSIDE PICKUP,193
824,DISINFECTION,193
825,TRAINED WORKERS,193
826,LOW DENSITY,193
827,ADEQUATE SUPPLIES,193
828,INDOOR DINING,194
829,TRAINED WORKERS,194
830,LOW DENSITY,194
831,ADEQUATE SUPPLIES,194
832,MASKS REQUIRED,195
833,6 FT APART,195
834,OUTDOOR DINING,195
835,CURBSIDE PICKUP,195
836,ADEQUATE SUPPLIES,195
837,INDOOR DINING,196
838,MASKS REQUIRED,197
839,OUTDOOR DINING,197
840,INDOOR DINING,197
841,CURBSIDE PICKUP,197
842,TRAINED WORKERS,197
843,ADEQUATE SUPPLIES,197
844,MASKS REQUIRED,198
845,CURBSIDE PICKUP,198
846,DISINFECTION,198
847,TRAINED WORKERS,198
848,ADEQUATE SUPPLIES,198
849,MASKS REQUIRED,199
850,6 FT APART,199
851,OUTDOOR DINING,199
852,CURBSIDE PICKUP,199
853,ADEQUATE SUPPLIES,199
854,6 FT APART,200
855,INDOOR DINING,200
856,TRAINED WORKERS,200
857,LOW DENSITY,200
858,MASKS REQUIRED,201
859,OUTDOOR DINING,201
860,INDOOR DINING,201
861,CURBSIDE PICKUP,201
862,DISINFECTION,201
863,TRAINED WORKERS,201
864,LOW DENSITY,201
865,6 FT APART,202
866,OUTDOOR DINING,202
867,INDOOR DINING,202
868,CURBSIDE PICKUP,202
869,6 FT APART,203
870,OUTDOOR DINING,203
871,DISINFECTION,203
872,TRAINED WORKERS,203
873,LOW DENSITY,203
874,MASKS REQUIRED,204
875,OUTDOOR DINING,204
876,INDOOR DINING,204
877,CURBSIDE PICKUP,204
878,DISINFECTION,204
879,TRAINED WORKERS,204
880,LOW DENSITY,204
881,ADEQUATE SUPPLIES,204
882,CURBSIDE PICKUP,205
883,LOW DENSITY,205
884,6 FT APART,206
885,OUTDOOR DINING,206
886,INDOOR DINING,206
887,CURBSIDE PICKUP,206
888,6 FT APART,207
889,TRAINED WORKERS,207
890,LOW DENSITY,207
891,LOW DENSITY,208
892,ADEQUATE SUPPLIES,208
893,MASKS REQUIRED,209
894,INDOOR DINING,209
895,CURBSIDE PICKUP,209
896,LOW DENSITY,209
897,MASKS REQUIRED,210
898,6 FT APART,210
899,CURBSIDE PICKUP,210
900,DISINFECTION,210
901,LOW DENSITY,210
902,ADEQUATE SUPPLIES,210
903,6 FT APART,211
904,ADEQUATE SUPPLIES,211
905,INDOOR DINING,212
906,CURBSIDE PICKUP,212
907,ADEQUATE SUPPLIES,212
908,6 FT APART,213
909,OUTDOOR DINING,213
910,CURBSIDE PICKUP,213
911,DISINFECTION,213
912,TRAINED WORKERS,213
913,LOW DENSITY,213
914,ADEQUATE SUPPLIES,213
915,MASKS REQUIRED,214
916,6 FT APART,214
917,INDOOR DINING,214
918,CURBSIDE PICKUP,214
919,DISINFECTION,214
920,LOW DENSITY,214
921,OUTDOOR DINING,215
922,DISINFECTION,215
923,6 FT APART,216
924,INDOOR DINING,216
925,DISINFECTION,216
926,TRAINED WORKERS,216
927,ADEQUATE SUPPLIES,216
928,6 FT APART,217
929,INDOOR DINING,217
930,CURBSIDE PICKUP,217
931,TRAINED WORKERS,217
932,ADEQUATE SUPPLIES,217
933,MASKS REQUIRED,218
934,6 FT APART,218
935,OUTDOOR DINING,218
936,TRAINED WORKERS,218
937,ADEQUATE SUPPLIES,218
938,6 FT APART,219
939,OUTDOOR DINING,219
940,CURBSIDE PICKUP,219
941,DISINFECTION,219
942,TRAINED WORKERS,219
943,MASKS REQUIRED,220
944,CURBSIDE PICKUP,220
945,DISINFECTION,220
946,LOW DENSITY,220
947,6 FT APART,221
948,OUTDOOR DINING,221
949,LOW DENSITY,221
950,6 FT APART,222
951,OUTDOOR DINING,222
952,INDOOR DINING,222
953,DISINFECTION,222
954,LOW DENSITY,222
955,ADEQUATE SUPPLIES,222
956,6 FT APART,223
957,OUTDOOR DINING,223
958,INDOOR DINING,223
959,DISINFECTION,223
960,TRAINED WORKERS,223
961,LOW DENSITY,223
962,ADEQUATE SUPPLIES,223
963,6 FT APART,224
964,CURBSIDE PICKUP,224
965,TRAINED WORKERS,224
966,ADEQUATE SUPPLIES,224
967,6 FT APART,225
968,OUTDOOR DINING,225
969,CURBSIDE PICKUP,225
970,DISINFECTION,225
971,TRAINED WORKERS,225
972,6 FT APART,226
973,OUTDOOR DINING,226
974,INDOOR DINING,226
975,TRAINED WORKERS,226
976,LOW DENSITY,226
977,6 FT APART,227
978,OUTDOOR DINING,227
979,DISINFECTION,227
980,TRAINED WORKERS,227
981,LOW DENSITY,227
982,MASKS REQUIRED,228
983,DISINFECTION,228
984,MASKS REQUIRED,229
985,6 FT APART,229
986,OUTDOOR DINING,229
987,INDOOR DINING,229
988,CURBSIDE PICKUP,229
989,TRAINED WORKERS,229
990,LOW DENSITY,229
991,MASKS REQUIRED,230
992,MASKS REQUIRED,231
993,6 FT APART,231
994,CURBSIDE PICKUP,231
995,DISINFECTION,231
996,TRAINED WORKERS,231
997,LOW DENSITY,231
998,ADEQUATE SUPPLIES,231
999,MASKS REQUIRED,232
1000,6 FT APART,232
1001,INDOOR DINING,232
1002,CURBSIDE PICKUP,232
1003,TRAINED WORKERS,232
1004,LOW DENSITY,232
1005,MASKS REQUIRED,233
1006,6 FT APART,233
1007,OUTDOOR DINING,233
1008,INDOOR DINING,233
1009,CURBSIDE PICKUP,233
1010,TRAINED WORKERS,233
1011,ADEQUATE SUPPLIES,233
1012,6 FT APART,234
1013,DISINFECTION,234
1014,TRAINED WORKERS,234
1015,ADEQUATE SUPPLIES,234
1016,6 FT APART,235
1017,DISINFECTION,235
1018,TRAINED WORKERS,235
1019,6 FT APART,236
1020,CURBSIDE PICKUP,236
1021,DISINFECTION,236
1022,LOW DENSITY,236
1023,MASKS REQUIRED,237
1024,OUTDOOR DINING,237
1025,CURBSIDE PICKUP,237
1026,LOW DENSITY,237
1027,ADEQUATE SUPPLIES,237
1028,MASKS REQUIRED,238
1029,6 FT APART,238
1030,OUTDOOR DINING,238
1031,DISINFECTION,238
1032,TRAINED WORKERS,238
1033,LOW DENSITY,238
1034,ADEQUATE SUPPLIES,239
1035,MASKS REQUIRED,240
1036,6 FT APART,240
1037,DISINFECTION,240
1038,LOW DENSITY,240
1039,MASKS REQUIRED,241
1040,OUTDOOR DINING,241
1041,INDOOR DINING,241
1042,MASKS REQUIRED,242
1043,OUTDOOR DINING,242
1044,CURBSIDE PICKUP,242
1045,TRAINED WORKERS,242
1046,LOW DENSITY,242
1047,ADEQUATE SUPPLIES,242
1048,MASKS REQUIRED,243
1049,6 FT APART,243
1050,OUTDOOR DINING,243
1051,INDOOR DINING,243
1052,CURBSIDE PICKUP,243
1053,TRAINED WORKERS,243
1054,ADEQUATE SUPPLIES,243
1055,MASKS REQUIRED,244
1056,OUTDOOR DINING,244
1057,INDOOR DINING,244
1058,DISINFECTION,244
1059,TRAINED WORKERS,244
1060,LOW DENSITY,244
1061,6 FT APART,245
1062,LOW DENSITY,245
1063,MASKS REQUIRED,246
1064,6 FT APART,246
1065,INDOOR DINING,246
1066,DISINFECTION,246
1067,MASKS REQUIRED,247
1068,OUTDOOR DINING,247
1069,INDOOR DINING,247
1070,CURBSIDE PICKUP,247
1071,DISINFECTION,247
1072,ADEQUATE SUPPLIES,247
1073,INDOOR DINING,248
1074,CURBSIDE PICKUP,248
1075,DISINFECTION,248
1076,LOW DENSITY,248
1077,ADEQUATE SUPPLIES,248
1078,6 FT APART,249
1079,OUTDOOR DINING,249
1080,INDOOR DINING,249
1081,DISINFECTION,249
1082,TRAINED WORKERS,249
1083,LOW DENSITY,249
1084,ADEQUATE SUPPLIES,249
1085,6 FT APART,250
1086,OUTDOOR DINING,250
1087,INDOOR DINING,250
1088,CURBSIDE PICKUP,250
1089,DISINFECTION,250
1090,TRAINED WORKERS,250
1091,INDOOR DINING,251
1092,TRAINED WORKERS,251
1093,LOW DENSITY,251
1094,ADEQUATE SUPPLIES,251
1095,MASKS REQUIRED,252
1096,INDOOR DINING,252
1097,CURBSIDE PICKUP,252
1098,ADEQUATE SUPPLIES,252
1099,OUTDOOR DINING,253
1100,CURBSIDE PICKUP,253
1101,MASKS REQUIRED,254
1102,6 FT APART,254
1103,OUTDOOR DINING,254
1104,INDOOR DINING,254
1105,DISINFECTION,254
1106,LOW DENSITY,254
1107,INDOOR DINING,255
1108,DISINFECTION,255
1109,LOW DENSITY,255
1110,ADEQUATE SUPPLIES,255
1111,OUTDOOR DINING,256
1112,INDOOR DINING,256
1113,CURBSIDE PICKUP,256
1114,TRAINED WORKERS,256
1115,LOW DENSITY,256
1116,ADEQUATE SUPPLIES,256
1117,6 FT APART,257
1118,DISINFECTION,257
1119,ADEQUATE SUPPLIES,257
1120,6 FT APART,258
1121,OUTDOOR DINING,258
1122,MASKS REQUIRED,259
1123,INDOOR DINING,259
1124,CURBSIDE PICKUP,259
1125,MASKS REQUIRED,260
1126,6 FT APART,260
1127,OUTDOOR DINING,260
1128,INDOOR DINING,260
1129,CURBSIDE PICKUP,260
1130,DISINFECTION,260
1131,MASKS REQUIRED,261
1132,6 FT APART,261
1133,OUTDOOR DINING,261
1134,CURBSIDE PICKUP,261
1135,DISINFECTION,261
1136,TRAINED WORKERS,261
1137,ADEQUATE SUPPLIES,261
1138,MASKS REQUIRED,262
1139,OUTDOOR DINING,262
1140,CURBSIDE PICKUP,262
1141,DISINFECTION,262
1142,TRAINED WORKERS,262
1143,LOW DENSITY,262
1144,ADEQUATE SUPPLIES,262
1145,6 FT APART,263
1146,CURBSIDE PICKUP,263
1147,LOW DENSITY,263
1148,CURBSIDE PICKUP,264
1149,DISINFECTION,264
1150,LOW DENSITY,264
1151,ADEQUATE SUPPLIES,264
1152,MASKS REQUIRED,265
1153,OUTDOOR DINING,265
1154,INDOOR DINING,265
1155,TRAINED WORKERS,265
1156,LOW DENSITY,265
1157,OUTDOOR DINING,266
1158,TRAINED WORKERS,266
1159,LOW DENSITY,266
1160,ADEQUATE SUPPLIES,266
1161,DISINFECTION,267
1162,TRAINED WORKERS,267
1163,ADEQUATE SUPPLIES,267
1164,OUTDOOR DINING,268
1165,INDOOR DINING,268
1166,TRAINED WORKERS,268
1167,MASKS REQUIRED,269
1168,6 FT APART,269
1169,OUTDOOR DINING,269
1170,INDOOR DINING,269
1171,TRAINED WORKERS,269
1172,LOW DENSITY,269
1173,6 FT APART,270
1174,INDOOR DINING,270
1175,DISINFECTION,270
1176,TRAINED WORKERS,270
1177,LOW DENSITY,270
1178,ADEQUATE SUPPLIES,270
1179,6 FT APART,271
1180,OUTDOOR DINING,271
1181,INDOOR DINING,271
1182,DISINFECTION,271
1183,OUTDOOR DINING,272
1184,INDOOR DINING,272
1185,CURBSIDE PICKUP,272
1186,TRAINED WORKERS,272
1187,LOW DENSITY,272
1188,ADEQUATE SUPPLIES,272
1189,OUTDOOR DINING,273
1190,INDOOR DINING,273
1191,CURBSIDE PICKUP,273
1192,TRAINED WORKERS,273
1193,LOW DENSITY,273
1194,MASKS REQUIRED,274
1195,OUTDOOR DINING,274
1196,TRAINED WORKERS,274
1197,ADEQUATE SUPPLIES,274
1198,INDOOR DINING,275
1199,CURBSIDE PICKUP,275
1200,DISINFECTION,275
1201,ADEQUATE SUPPLIES,275
1202,OUTDOOR DINING,276
1203,INDOOR DINING,276
1204,MASKS REQUIRED,277
1205,OUTDOOR DINING,277
1206,CURBSIDE PICKUP,277
1207,DISINFECTION,277
1208,TRAINED WORKERS,277
1209,LOW DENSITY,277
1210,ADEQUATE SUPPLIES,277
1211,INDOOR DINING,278
1212,CURBSIDE PICKUP,279
1213,ADEQUATE SUPPLIES,279
1214,6 FT APART,280
1215,OUTDOOR DINING,280
1216,TRAINED WORKERS,280
1217,LOW DENSITY,280
1218,ADEQUATE SUPPLIES,280
1219,MASKS REQUIRED,281
1220,6 FT APART,281
1221,TRAINED WORKERS,281
1222,LOW DENSITY,281
1223,ADEQUATE SUPPLIES,281
1224,6 FT APART,282
1225,INDOOR DINING,282
1226,DISINFECTION,282
1227,TRAINED WORKERS,282
1228,MASKS REQUIRED,283
1229,OUTDOOR DINING,283
1230,DISINFECTION,283
1231,TRAINED WORKERS,283
1232,MASKS REQUIRED,284
1233,OUTDOOR DINING,284
1234,INDOOR DINING,284
1235,DISINFECTION,284
1236,MASKS REQUIRED,285
1237,OUTDOOR DINING,285
1238,CURBSIDE PICKUP,285
1239,DISINFECTION,285
1240,ADEQUATE SUPPLIES,285
1241,6 FT APART,286
1242,OUTDOOR DINING,286
1243,INDOOR DINING,286
1244,DISINFECTION,286
1245,TRAINED WORKERS,286
1246,LOW DENSITY,286
1247,ADEQUATE SUPPLIES,286
1248,DISINFECTION,287
1249,TRAINED WORKERS,287
1250,LOW DENSITY,287
1251,MASKS REQUIRED,288
1252,6 FT APART,288
1253,OUTDOOR DINING,288
1254,CURBSIDE PICKUP,288
1255,TRAINED WORKERS,288
1256,OUTDOOR DINING,289
1257,INDOOR DINING,289
1258,CURBSIDE PICKUP,289
1259,DISINFECTION,289
1260,MASKS REQUIRED,290
1261,6 FT APART,290
1262,OUTDOOR DINING,290
1263,MASKS REQUIRED,291
1264,OUTDOOR DINING,291
1265,CURBSIDE PICKUP,291
1266,ADEQUATE SUPPLIES,291
1267,6 FT APART,292
1268,CURBSIDE PICKUP,292
1269,TRAINED WORKERS,292
1270,LOW DENSITY,292
1271,ADEQUATE SUPPLIES,292
1272,6 FT APART,293
1273,OUTDOOR DINING,293
1274,TRAINED WORKERS,293
1275,LOW DENSITY,293
1276,MASKS REQUIRED,294
1277,6 FT APART,294
1278,ADEQUATE SUPPLIES,294
1279,MASKS REQUIRED,295
1280,6 FT APART,295
1281,CURBSIDE PICKUP,295
1282,DISINFECTION,295
1283,ADEQUATE SUPPLIES,295
1284,OUTDOOR DINING,296
1285,ADEQUATE SUPPLIES,296
1286,OUTDOOR DINING,297
1287,LOW DENSITY,297
1288,INDOOR DINING,298
1289,TRAINED WORKERS,298
1290,MASKS REQUIRED,299
1291,OUTDOOR DINING,299
1292,INDOOR DINING,299
1293,DISINFECTION,299
1294,LOW DENSITY,299
1295,ADEQUATE SUPPLIES,299
1296,6 FT APART,300
1297,INDOOR DINING,300
1298,CURBSIDE PICKUP,300
1299,LOW DENSITY,300
1300,OUTDOOR DINING,301
1301,INDOOR DINING,301
1302,DISINFECTION,301
1303,ADEQUATE SUPPLIES,301
1304,6 FT APART,302
1305,OUTDOOR DINING,302
1306,INDOOR DINING,302
1307,DISINFECTION,302
1308,LOW DENSITY,302
1309,6 FT APART,303
1310,CURBSIDE PICKUP,303
1311,DISINFECTION,303
1312,6 FT APART,304
1313,DISINFECTION,304
1314,MASKS REQUIRED,305
1315,6 FT APART,305
1316,INDOOR DINING,305
1317,DISINFECTION,305
1318,TRAINED WORKERS,305
1319,LOW DENSITY,305
1320,MASKS REQUIRED,306
1321,6 FT APART,306
1322,INDOOR DINING,306
1323,DISINFECTION,306
1324,TRAINED WORKERS,306
1325,LOW DENSITY,306
1326,ADEQUATE SUPPLIES,306
1327,6 FT APART,307
1328,OUTDOOR DINING,307
1329,TRAINED WORKERS,307
1330,LOW DENSITY,307
1331,ADEQUATE SUPPLIES,307
1332,MASKS REQUIRED,308
1333,6 FT APART,308
1334,CURBSIDE PICKUP,308
1335,LOW DENSITY,308
1336,ADEQUATE SUPPLIES,308
1337,6 FT APART,309
1338,CURBSIDE PICKUP,309
1339,DISINFECTION,309
1340,ADEQUATE SUPPLIES,309
1341,6 FT APART,310
1342,CURBSIDE PICKUP,310
1343,DISINFECTION,310
1344,TRAINED WORKERS,310
1345,LOW DENSITY,310
1346,INDOOR DINING,311
1347,CURBSIDE PICKUP,311
1348,ADEQUATE SUPPLIES,311
1349,MASKS REQUIRED,312
1350,CURBSIDE PICKUP,312
1351,DISINFECTION,312
1352,ADEQUATE SUPPLIES,312
1353,MASKS REQUIRED,313
1354,OUTDOOR DINING,313
1355,CURBSIDE PICKUP,313
1356,LOW DENSITY,313
1357,ADEQUATE SUPPLIES,313
1358,MASKS REQUIRED,314
1359,6 FT APART,314
1360,INDOOR DINING,314
1361,CURBSIDE PICKUP,314
1362,DISINFECTION,314
1363,LOW DENSITY,314
1364,6 FT APART,315
1365,TRAINED WORKERS,315
1366,ADEQUATE SUPPLIES,315
1367,MASKS REQUIRED,316
1368,6 FT APART,316
1369,DISINFECTION,316
1370,LOW DENSITY,316
1371,OUTDOOR DINING,317
1372,CURBSIDE PICKUP,317
1373,DISINFECTION,317
1374,TRAINED WORKERS,317
1375,6 FT APART,318
1376,OUTDOOR DINING,318
1377,INDOOR DINING,318
1378,TRAINED WORKERS,318
1379,LOW DENSITY,318
1380,OUTDOOR DINING,319
1381,INDOOR DINING,319
1382,CURBSIDE PICKUP,319
1383,TRAINED WORKERS,319
1384,LOW DENSITY,319
1385,6 FT APART,320
1386,OUTDOOR DINING,320
1387,INDOOR DINING,320
1388,DISINFECTION,320
1389,TRAINED WORKERS,320
1390,ADEQUATE SUPPLIES,320
1391,INDOOR DINING,321
1392,CURBSIDE PICKUP,321
1393,DISINFECTION,321
1394,LOW DENSITY,321
1395,ADEQUATE SUPPLIES,321
1396,6 FT APART,322
1397,INDOOR DINING,322
1398,DISINFECTION,322
1399,LOW DENSITY,322
1400,ADEQUATE SUPPLIES,322
1401,MASKS REQUIRED,323
1402,CURBSIDE PICKUP,323
1403,DISINFECTION,323
1404,TRAINED WORKERS,323
1405,ADEQUATE SUPPLIES,323
1406,OUTDOOR DINING,324
1407,INDOOR DINING,324
1408,CURBSIDE PICKUP,324
1409,TRAINED WORKERS,324
1410,MASKS REQUIRED,325
1411,6 FT APART,325
1412,OUTDOOR DINING,325
1413,CURBSIDE PICKUP,325
1414,TRAINED WORKERS,325
1415,ADEQUATE SUPPLIES,325
1416,OUTDOOR DINING,326
1417,ADEQUATE SUPPLIES,326
1418,6 FT APART,327
1419,INDOOR DINING,327
1420,CURBSIDE PICKUP,327
1421,DISINFECTION,327
1422,LOW DENSITY,327
1423,ADEQUATE SUPPLIES,327
1424,6 FT APART,328
1425,INDOOR DINING,328
1426,CURBSIDE PICKUP,328
1427,TRAINED WORKERS,328
1428,LOW DENSITY,328
1429,MASKS REQUIRED,329
1430,OUTDOOR DINING,329
1431,CURBSIDE PICKUP,329
1432,LOW DENSITY,329
1433,6 FT APART,330
1434,OUTDOOR DINING,330
1435,CURBSIDE PICKUP,330
1436,DISINFECTION,330
1437,TRAINED WORKERS,330
1438,LOW DENSITY,330
1439,CURBSIDE PICKUP,331
1440,DISINFECTION,331
1441,LOW DENSITY,331
1442,ADEQUATE SUPPLIES,331
1443,MASKS REQUIRED,332
1444,6 FT APART,332
1445,INDOOR DINING,332
1446,CURBSIDE PICKUP,332
1447,DISINFECTION,332
1448,TRAINED WORKERS,332
1449,LOW DENSITY,332
1450,MASKS REQUIRED,333
1451,6 FT APART,333
1452,INDOOR DINING,333
1453,DISINFECTION,333
1454,TRAINED WORKERS,333
1455,LOW DENSITY,333
1456,6 FT APART,334
1457,CURBSIDE PICKUP,334
1458,DISINFECTION,334
1459,LOW DENSITY,334
1460,ADEQUATE SUPPLIES,334
1461,6 FT APART,335
1462,OUTDOOR DINING,335
1463,INDOOR DINING,335
1464,TRAINED WORKERS,335
1465,MASKS REQUIRED,336
1466,6 FT APART,336
1467,OUTDOOR DINING,336
1468,INDOOR DINING,336
1469,CURBSIDE PICKUP,336
1470,TRAINED WORKERS,336
1471,LOW DENSITY,336
1472,ADEQUATE SUPPLIES,336
1473,MASKS REQUIRED,337
1474,6 FT APART,337
1475,OUTDOOR DINING,337
1476,INDOOR DINING,337
1477,DISINFECTION,337
1478,LOW DENSITY,337
1479,ADEQUATE SUPPLIES,337
1480,6 FT APART,338
1481,OUTDOOR DINING,338
1482,INDOOR DINING,338
1483,DISINFECTION,338
1484,ADEQUATE SUPPLIES,338
1485,MASKS REQUIRED,339
1486,OUTDOOR DINING,339
1487,CURBSIDE PICKUP,339
1488,MASKS REQUIRED,340
1489,6 FT APART,340
1490,OUTDOOR DINING,340
1491,DISINFECTION,340
1492,TRAINED WORKERS,340
1493,LOW DENSITY,340
1494,MASKS REQUIRED,341
1495,6 FT APART,341
1496,TRAINED WORKERS,342
1497,LOW DENSITY,342
1498,MASKS REQUIRED,343
1499,6 FT APART,343
1500,OUTDOOR DINING,343
1501,INDOOR DINING,343
1502,CURBSIDE PICKUP,343
1503,LOW DENSITY,343
1504,MASKS REQUIRED,344
1505,OUTDOOR DINING,344
1506,INDOOR DINING,344
1507,TRAINED WORKERS,344
1508,MASKS REQUIRED,345
1509,6 FT APART,345
1510,OUTDOOR DINING,345
1511,INDOOR DINING,345
1512,CURBSIDE PICKUP,345
1513,DISINFECTION,345
1514,MASKS REQUIRED,346
1515,6 FT APART,346
1516,OUTDOOR DINING,346
1517,INDOOR DINING,346
1518,CURBSIDE PICKUP,346
1519,DISINFECTION,346
1520,TRAINED WORKERS,346
1521,6 FT APART,347
1522,OUTDOOR DINING,347
1523,DISINFECTION,347
1524,TRAINED WORKERS,347
1525,LOW DENSITY,347
1526,ADEQUATE SUPPLIES,347
1527,OUTDOOR DINING,348
1528,CURBSIDE PICKUP,348
1529,ADEQUATE SUPPLIES,348
1530,6 FT APART,349
1531,DISINFECTION,349
1532,TRAINED WORKERS,349
1533,LOW DENSITY,349
1534,ADEQUATE SUPPLIES,349
1535,MASKS REQUIRED,350
1536,OUTDOOR DINING,350
1537,DISINFECTION,350
1538,TRAINED WORKERS,350
1539,MASKS REQUIRED,351
1540,6 FT APART,351
1541,OUTDOOR DINING,351
1542,DISINFECTION,351
1543,LOW DENSITY,351
1544,MASKS REQUIRED,352
1545,DISINFECTION,352
1546,LOW DENSITY,352
1547,OUTDOOR DINING,353
1548,INDOOR DINING,353
1549,CURBSIDE PICKUP,353
1550,MASKS REQUIRED,354
1551,DISINFECTION,354
1552,6 FT APART,355
1553,CURBSIDE PICKUP,355
1554,DISINFECTION,355
1555,TRAINED WORKERS,355
1556,ADEQUATE SUPPLIES,355
1557,MASKS REQUIRED,356
1558,INDOOR DINING,356
1559,CURBSIDE PICKUP,356
1560,DISINFECTION,356
1561,DISINFECTION,357
1562,ADEQUATE SUPPLIES,357
1563,OUTDOOR DINING,358
1564,CURBSIDE PICKUP,358
1565,DISINFECTION,358
1566,TRAINED WORKERS,358
1567,ADEQUATE SUPPLIES,358
1568,MASKS REQUIRED,359
1569,6 FT APART,359
1570,OUTDOOR DINING,359
1571,DISINFECTION,359
1572,TRAINED WORKERS,359
1573,ADEQUATE SUPPLIES,359
1574,DISINFECTION,360
1575,LOW DENSITY,360
1576,MASKS REQUIRED,361
1577,6 FT APART,361
1578,INDOOR DINING,361
1579,DISINFECTION,361
1580,TRAINED WORKERS,361
1581,MASKS REQUIRED,362
1582,6 FT APART,362
1583,OUTDOOR DINING,362
1584,TRAINED WORKERS,362
1585,INDOOR DINING,363
1586,CURBSIDE PICKUP,363
1587,TRAINED WORKERS,363
1588,ADEQUATE SUPPLIES,363
1589,MASKS REQUIRED,364
1590,OUTDOOR DINING,364
1591,CURBSIDE PICKUP,364
1592,ADEQUATE SUPPLIES,364
1593,MASKS REQUIRED,365
1594,OUTDOOR DINING,365
1595,INDOOR DINING,365
1596,DISINFECTION,365
1597,TRAINED WORKERS,365
1598,6 FT APART,366
1599,CURBSIDE PICKUP,366
1600,DISINFECTION,366
1601,TRAINED WORKERS,366
1602,MASKS REQUIRED,367
1603,OUTDOOR DINING,367
1604,INDOOR DINING,367
1605,CURBSIDE PICKUP,367
1606,LOW DENSITY,367
1607,ADEQUATE SUPPLIES,367
1608,6 FT APART,368
1609,INDOOR DINING,368
1610,ADEQUATE SUPPLIES,368
1611,6 FT APART,369
1612,OUTDOOR DINING,369
1613,CURBSIDE PICKUP,369
1614,TRAINED WORKERS,369
1615,MASKS REQUIRED,370
1616,6 FT APART,370
1617,INDOOR DINING,370
1618,DISINFECTION,370
1619,TRAINED WORKERS,370
1620,6 FT APART,371
1621,CURBSIDE PICKUP,371
1622,DISINFECTION,371
1623,LOW DENSITY,371
1624,ADEQUATE SUPPLIES,371
1625,6 FT APART,372
1626,OUTDOOR DINING,372
1627,INDOOR DINING,372
1628,DISINFECTION,372
1629,LOW DENSITY,372
1630,6 FT APART,373
1631,TRAINED WORKERS,373
1632,LOW DENSITY,373
1633,ADEQUATE SUPPLIES,373
1634,6 FT APART,374
1635,INDOOR DINING,374
1636,CURBSIDE PICKUP,374
1637,DISINFECTION,374
1638,TRAINED WORKERS,374
1639,LOW DENSITY,374
1640,ADEQUATE SUPPLIES,374
1641,MASKS REQUIRED,375
1642,OUTDOOR DINING,375
1643,CURBSIDE PICKUP,375
1644,LOW DENSITY,375
1645,ADEQUATE SUPPLIES,375
1646,6 FT APART,376
1647,OUTDOOR DINING,376
1648,INDOOR DINING,376
1649,CURBSIDE PICKUP,376
1650,TRAINED WORKERS,376
1651,ADEQUATE SUPPLIES,376
1652,MASKS REQUIRED,377
1653,6 FT APART,377
1654,CURBSIDE PICKUP,377
1655,TRAINED WORKERS,377
1656,ADEQUATE SUPPLIES,377
1657,MASKS REQUIRED,378
1658,OUTDOOR DINING,378
1659,INDOOR DINING,378
1660,CURBSIDE PICKUP,378
1661,MASKS REQUIRED,379
1662,DISINFECTION,379
1663,TRAINED WORKERS,379
1664,LOW DENSITY,379
1665,MASKS REQUIRED,380
1666,LOW DENSITY,380
1667,ADEQUATE SUPPLIES,380
1668,MASKS REQUIRED,381
1669,OUTDOOR DINING,381
1670,INDOOR DINING,381
1671,CURBSIDE PICKUP,381
1672,DISINFECTION,381
1673,TRAINED WORKERS,381
1674,MASKS REQUIRED,382
1675,6 FT APART,382
1676,OUTDOOR DINING,382
1677,CURBSIDE PICKUP,382
1678,DISINFECTION,382
1679,LOW DENSITY,382
1680,MASKS REQUIRED,383
1681,6 FT APART,383
1682,OUTDOOR DINING,383
1683,CURBSIDE PICKUP,383
1684,DISINFECTION,383
1685,ADEQUATE SUPPLIES,383
1686,6 FT APART,384
1687,OUTDOOR DINING,384
1688,INDOOR DINING,384
1689,DISINFECTION,384
1690,TRAINED WORKERS,384
1691,LOW DENSITY,384
1692,MASKS REQUIRED,385
1693,6 FT APART,385
1694,TRAINED WORKERS,385
1695,DISINFECTION,386
1696,LOW DENSITY,386
1697,ADEQUATE SUPPLIES,386
1698,OUTDOOR DINING,387
1699,INDOOR DINING,387
1700,DISINFECTION,387
1701,TRAINED WORKERS,387
1702,ADEQUATE SUPPLIES,387
1703,6 FT APART,388
1704,INDOOR DINING,388
1705,CURBSIDE PICKUP,388
1706,DISINFECTION,388
1707,TRAINED WORKERS,388
1708,MASKS REQUIRED,389
1709,LOW DENSITY,389
1710,ADEQUATE SUPPLIES,389
1711,MASKS REQUIRED,390
1712,OUTDOOR DINING,390
1713,INDOOR DINING,390
1714,CURBSIDE PICKUP,390
1715,DISINFECTION,390
1716,TRAINED WORKERS,390
1717,6 FT APART,391
1718,OUTDOOR DINING,391
1719,INDOOR DINING,391
1720,CURBSIDE PICKUP,391
1721,MASKS REQUIRED,392
1722,6 FT APART,392
1723,INDOOR DINING,392
1724,DISINFECTION,392
1725,TRAINED WORKERS,392
1726,LOW DENSITY,392
1727,ADEQUATE SUPPLIES,392
1728,6 FT APART,393
1729,DISINFECTION,393
1730,TRAINED WORKERS,393
1731,LOW DENSITY,393
1732,INDOOR DINING,394
1733,TRAINED WORKERS,394
1734,LOW DENSITY,394
1735,OUTDOOR DINING,395
1736,DISINFECTION,395
1737,ADEQUATE SUPPLIES,395
1738,MASKS REQUIRED,396
1739,OUTDOOR DINING,396
1740,DISINFECTION,396
1741,LOW DENSITY,396
1742,INDOOR DINING,397
1743,CURBSIDE PICKUP,397
1744,TRAINED WORKERS,397
1745,LOW DENSITY,397
1746,ADEQUATE SUPPLIES,397
1747,MASKS REQUIRED,398
1748,6 FT APART,398
1749,CURBSIDE PICKUP,398
1750,DISINFECTION,398
1751,ADEQUATE SUPPLIES,398
1752,MASKS REQUIRED,399
1753,INDOOR DINING,399
1754,CURBSIDE PICKUP,399
1755,TRAINED WORKERS,399
1756,LOW DENSITY,399
1757,ADEQUATE SUPPLIES,399
1758,6 FT APART,400
1759,OUTDOOR DINING,400
1760,TRAINED WORKERS,400
1761,LOW DENSITY,400
1762,ADEQUATE SUPPLIES,400
1763,6 FT APART,401
1764,INDOOR DINING,401
1765,DISINFECTION,401
1766,LOW DENSITY,401
1767,OUTDOOR DINING,402
1768,LOW DENSITY,402
1769,ADEQUATE SUPPLIES,402
1770,6 FT APART,403
1771,INDOOR DINING,403
1772,DISINFECTION,403
1773,TRAINED WORKERS,403
1774,LOW DENSITY,403
1775,MASKS REQUIRED,404
1776,6 FT APART,404
1777,OUTDOOR DINING,404
1778,DISINFECTION,404
1779,LOW DENSITY,404
1780,ADEQUATE SUPPLIES,404
1781,6 FT APART,405
1782,OUTDOOR DINING,405
1783,CURBSIDE PICKUP,405
1784,TRAINED WORKERS,405
1785,MASKS REQUIRED,406
1786,6 FT APART,406
1787,CURBSIDE PICKUP,406
1788,DISINFECTION,406
1789,LOW DENSITY,406
1790,ADEQUATE SUPPLIES,406
1791,6 FT APART,407
1792,OUTDOOR DINING,407
1793,INDOOR DINING,407
1794,DISINFECTION,407
1795,TRAINED WORKERS,407
1796,MASKS REQUIRED,408
1797,OUTDOOR DINING,408
1798,INDOOR DINING,408
1799,TRAINED WORKERS,408
1800,ADEQUATE SUPPLIES,408
1801,MASKS REQUIRED,409
1802,OUTDOOR DINING,409
1803,CURBSIDE PICKUP,409
1804,DISINFECTION,409
1805,TRAINED WORKERS,409
1806,MASKS REQUIRED,410
1807,CURBSIDE PICKUP,410
1808,DISINFECTION,410
1809,TRAINED WORKERS,410
1810,OUTDOOR DINING,411
1811,CURBSIDE PICKUP,411
1812,DISINFECTION,411
1813,LOW DENSITY,411
1814,MASKS REQUIRED,412
1815,6 FT APART,412
1816,OUTDOOR DINING,412
1817,INDOOR DINING,412
1818,CURBSIDE PICKUP,412
1819,DISINFECTION,412
1820,TRAINED WORKERS,412
1821,MASKS REQUIRED,413
1822,6 FT APART,413
1823,INDOOR DINING,413
1824,DISINFECTION,413
1825,TRAINED WORKERS,413
1826,ADEQUATE SUPPLIES,413
1827,MASKS REQUIRED,414
1828,OUTDOOR DINING,414
1829,INDOOR DINING,414
1830,DISINFECTION,414
1831,TRAINED WORKERS,414
1832,ADEQUATE SUPPLIES,414
1833,MASKS REQUIRED,415
1834,CURBSIDE PICKUP,415
1835,TRAINED WORKERS,415
1836,MASKS REQUIRED,416
1837,INDOOR DINING,416
1838,DISINFECTION,416
1839,LOW DENSITY,416
1840,INDOOR DINING,417
1841,LOW DENSITY,417
1842,MASKS REQUIRED,418
1843,6 FT APART,418
1844,OUTDOOR DINING,418
1845,LOW DENSITY,418
1846,ADEQUATE SUPPLIES,418
1847,MASKS REQUIRED,419
1848,6 FT APART,419
1849,OUTDOOR DINING,419
1850,CURBSIDE PICKUP,419
1851,DISINFECTION,419
1852,LOW DENSITY,419
1853,ADEQUATE SUPPLIES,419
1854,MASKS REQUIRED,420
1855,OUTDOOR DINING,420
1856,INDOOR DINING,420
1857,DISINFECTION,420
1858,MASKS REQUIRED,421
1859,CURBSIDE PICKUP,421
1860,6 FT APART,422
1861,OUTDOOR DINING,422
1862,INDOOR DINING,422
1863,CURBSIDE PICKUP,422
1864,DISINFECTION,422
1865,TRAINED WORKERS,422
1866,6 FT APART,423
1867,CURBSIDE PICKUP,423
1868,LOW DENSITY,423
1869,INDOOR DINING,424
1870,DISINFECTION,424
1871,LOW DENSITY,424
1872,6 FT APART,425
1873,OUTDOOR DINING,425
1874,CURBSIDE PICKUP,425
1875,TRAINED WORKERS,425
1876,LOW DENSITY,425
1877,MASKS REQUIRED,426
1878,OUTDOOR DINING,426
1879,INDOOR DINING,426
1880,DISINFECTION,426
1881,LOW DENSITY,426
1882,ADEQUATE SUPPLIES,426
1883,MASKS REQUIRED,427
1884,6 FT APART,427
1885,OUTDOOR DINING,427
1886,CURBSIDE PICKUP,427
1887,MASKS REQUIRED,428
1888,OUTDOOR DINING,428
1889,CURBSIDE PICKUP,428
1890,DISINFECTION,428
1891,TRAINED WORKERS,428
1892,LOW DENSITY,428
1893,MASKS REQUIRED,429
1894,6 FT APART,429
1895,OUTDOOR DINING,429
1896,CURBSIDE PICKUP,429
1897,DISINFECTION,429
1898,TRAINED WORKERS,429
1899,ADEQUATE SUPPLIES,429
1900,MASKS REQUIRED,430
1901,OUTDOOR DINING,430
1902,DISINFECTION,430
1903,TRAINED WORKERS,430
1904,LOW DENSITY,430
1905,ADEQUATE SUPPLIES,430
1906,INDOOR DINING,431
1907,CURBSIDE PICKUP,431
1908,TRAINED WORKERS,431
1909,MASKS REQUIRED,432
1910,OUTDOOR DINING,432
1911,INDOOR DINING,432
1912,DISINFECTION,432
1913,TRAINED WORKERS,432
1914,ADEQUATE SUPPLIES,432
1915,MASKS REQUIRED,433
1916,6 FT APART,433
1917,CURBSIDE PICKUP,433
1918,DISINFECTION,433
1919,ADEQUATE SUPPLIES,433
1920,MASKS REQUIRED,434
1921,6 FT APART,434
1922,CURBSIDE PICKUP,434
1923,DISINFECTION,434
1924,OUTDOOR DINING,435
1925,INDOOR DINING,435
1926,CURBSIDE PICKUP,435
1927,6 FT APART,436
1928,TRAINED WORKERS,436
1929,LOW DENSITY,436
1930,MASKS REQUIRED,437
1931,6 FT APART,437
1932,OUTDOOR DINING,437
1933,INDOOR DINING,437
1934,CURBSIDE PICKUP,437
1935,DISINFECTION,437
1936,LOW DENSITY,437
1937,ADEQUATE SUPPLIES,437
1938,MASKS REQUIRED,438
1939,6 FT APART,438
1940,INDOOR DINING,438
1941,CURBSIDE PICKUP,438
1942,DISINFECTION,438
1943,ADEQUATE SUPPLIES,438
1944,6 FT APART,439
1945,OUTDOOR DINING,439
1946,INDOOR DINING,439
1947,CURBSIDE PICKUP,439
1948,TRAINED WORKERS,439
1949,LOW DENSITY,439
1950,MASKS REQUIRED,440
1951,6 FT APART,440
1952,OUTDOOR DINING,440
1953,CURBSIDE PICKUP,440
1954,TRAINED WORKERS,440
1955,ADEQUATE SUPPLIES,440
1956,6 FT APART,441
1957,INDOOR DINING,441
1958,CURBSIDE PICKUP,441
1959,TRAINED WORKERS,441
1960,LOW DENSITY,441
1961,6 FT APART,442
1962,CURBSIDE PICKUP,442
1963,6 FT APART,443
1964,INDOOR DINING,443
1965,CURBSIDE PICKUP,443
1966,LOW DENSITY,443
1967,ADEQUATE SUPPLIES,443
1968,OUTDOOR DINING,444
1969,DISINFECTION,444
1970,TRAINED WORKERS,444
1971,LOW DENSITY,444
1972,ADEQUATE SUPPLIES,444
1973,OUTDOOR DINING,445
1974,INDOOR DINING,445
1975,CURBSIDE PICKUP,445
1976,DISINFECTION,445
1977,LOW DENSITY,445
1978,MASKS REQUIRED,446
1979,OUTDOOR DINING,446
1980,CURBSIDE PICKUP,446
1981,DISINFECTION,446
1982,LOW DENSITY,446
1983,ADEQUATE SUPPLIES,446
1984,OUTDOOR DINING,447
1985,TRAINED WORKERS,447
1986,LOW DENSITY,447
1987,MASKS REQUIRED,448
1988,6 FT APART,448
1989,OUTDOOR DINING,448
1990,TRAINED WORKERS,448
1991,ADEQUATE SUPPLIES,448
1992,6 FT APART,449
1993,OUTDOOR DINING,449
1994,INDOOR DINING,449
1995,CURBSIDE PICKUP,449
1996,LOW DENSITY,449
1997,MASKS REQUIRED,450
1998,6 FT APART,450
1999,CURBSIDE PICKUP,450
2000,DISINFECTION,450
2001,MASKS REQUIRED,451
2002,6 FT APART,451
2003,INDOOR DINING,451
2004,LOW DENSITY,451
2005,MASKS REQUIRED,452
2006,INDOOR DINING,452
2007,CURBSIDE PICKUP,452
2008,DISINFECTION,452
2009,LOW DENSITY,452
2010,MASKS REQUIRED,453
2011,6 FT APART,453
2012,OUTDOOR DINING,453
2013,DISINFECTION,453
2014,TRAINED WORKERS,453
2015,LOW DENSITY,453
2016,ADEQUATE SUPPLIES,453
2017,OUTDOOR DINING,454
2018,INDOOR DINING,454
2019,CURBSIDE PICKUP,454
2020,6 FT APART,455
2021,OUTDOOR DINING,455
2022,INDOOR DINING,455
2023,LOW DENSITY,455
2024,ADEQUATE SUPPLIES,455
2025,MASKS REQUIRED,456
2026,INDOOR DINING,456
2027,DISINFECTION,456
2028,TRAINED WORKERS,456
2029,MASKS REQUIRED,457
2030,6 FT APART,457
2031,INDOOR DINING,457
2032,CURBSIDE PICKUP,457
2033,DISINFECTION,457
2034,ADEQUATE SUPPLIES,457
2035,6 FT APART,458
2036,OUTDOOR DINING,458
2037,CURBSIDE PICKUP,458
2038,TRAINED WORKERS,458
2039,6 FT APART,459
2040,OUTDOOR DINING,459
2041,CURBSIDE PICKUP,459
2042,DISINFECTION,459
2043,LOW DENSITY,459
2044,MASKS REQUIRED,460
2045,6 FT APART,460
2046,INDOOR DINING,460
2047,ADEQUATE SUPPLIES,460
2048,MASKS REQUIRED,461
2049,OUTDOOR DINING,461
2050,CURBSIDE PICKUP,461
2051,6 FT APART,462
2052,OUTDOOR DINING,462
2053,LOW DENSITY,462
2054,ADEQUATE SUPPLIES,462
2055,MASKS REQUIRED,463
2056,6 FT APART,463
2057,OUTDOOR DINING,463
2058,DISINFECTION,463
2059,LOW DENSITY,463
2060,INDOOR DINING,464
2061,DISINFECTION,464
2062,ADEQUATE SUPPLIES,464
2063,6 FT APART,465
2064,INDOOR DINING,465
2065,DISINFECTION,465
2066,LOW DENSITY,465
2067,MASKS REQUIRED,466
2068,OUTDOOR DINING,466
2069,CURBSIDE PICKUP,466
2070,DISINFECTION,466
2071,LOW DENSITY,466
2072,ADEQUATE SUPPLIES,466
2073,MASKS REQUIRED,467
2074,6 FT APART,467
2075,INDOOR DINING,467
2076,DISINFECTION,467
2077,6 FT APART,468
2078,TRAINED WORKERS,468
2079,ADEQUATE SUPPLIES,468
2080,MASKS REQUIRED,469
2081,6 FT APART,469
2082,INDOOR DINING,469
2083,CURBSIDE PICKUP,469
2084,DISINFECTION,469
2085,LOW DENSITY,469
2086,ADEQUATE SUPPLIES,469
2087,OUTDOOR DINING,470
2088,INDOOR DINING,470
2089,CURBSIDE PICKUP,470
2090,TRAINED WORKERS,470
2091,LOW DENSITY,470
2092,OUTDOOR DINING,471
2093,CURBSIDE PICKUP,471
2094,TRAINED WORKERS,471
2095,LOW DENSITY,471
2096,INDOOR DINING,472
2097,CURBSIDE PICKUP,472
2098,TRAINED WORKERS,472
2099,LOW DENSITY,472
2100,MASKS REQUIRED,473
2101,INDOOR DINING,473
2102,CURBSIDE PICKUP,473
2103,TRAINED WORKERS,473
2104,6 FT APART,474
2105,OUTDOOR DINING,474
2106,INDOOR DINING,474
2107,TRAINED WORKERS,474
2108,LOW DENSITY,474
2109,ADEQUATE SUPPLIES,474
2110,MASKS REQUIRED,475
2111,OUTDOOR DINING,475
2112,TRAINED WORKERS,475
2113,LOW DENSITY,475
2114,6 FT APART,476
2115,OUTDOOR DINING,476
2116,CURBSIDE PICKUP,476
2117,DISINFECTION,476
2118,TRAINED WORKERS,476
2119,LOW DENSITY,476
2120,ADEQUATE SUPPLIES,476
2121,OUTDOOR DINING,477
2122,CURBSIDE PICKUP,477
2123,TRAINED WORKERS,477
2124,LOW DENSITY,477
2125,6 FT APART,478
2126,INDOOR DINING,478
2127,TRAINED WORKERS,478
2128,6 FT APART,479
2129,OUTDOOR DINING,479
2130,INDOOR DINING,479
2131,CURBSIDE PICKUP,479
2132,DISINFECTION,479
2133,TRAINED WORKERS,479
2134,LOW DENSITY,479
2135,MASKS REQUIRED,480
2136,OUTDOOR DINING,480
2137,INDOOR DINING,480
2138,CURBSIDE PICKUP,480
2139,TRAINED WORKERS,480
2140,LOW DENSITY,480
2141,6 FT APART,481
2142,INDOOR DINING,481
2143,CURBSIDE PICKUP,481
2144,DISINFECTION,481
2145,TRAINED WORKERS,481
2146,ADEQUATE SUPPLIES,481
2147,MASKS REQUIRED,482
2148,OUTDOOR DINING,482
2149,TRAINED WORKERS,482
2150,LOW DENSITY,482
2151,ADEQUATE SUPPLIES,482
2152,MASKS REQUIRED,483
2153,6 FT APART,483
2154,CURBSIDE PICKUP,483
2155,TRAINED WORKERS,483
2156,LOW DENSITY,483
2157,ADEQUATE SUPPLIES,483
2158,OUTDOOR DINING,484
2159,DISINFECTION,484
2160,TRAINED WORKERS,484
2161,INDOOR DINING,485
2162,CURBSIDE PICKUP,485
2163,LOW DENSITY,485
2164,MASKS REQUIRED,486
2165,6 FT APART,486
2166,OUTDOOR DINING,486
2167,INDOOR DINING,486
2168,LOW DENSITY,486
2169,ADEQUATE SUPPLIES,486
2170,MASKS REQUIRED,487
2171,OUTDOOR DINING,487
2172,INDOOR DINING,487
2173,LOW DENSITY,487
2174,ADEQUATE SUPPLIES,487
2175,MASKS REQUIRED,488
2176,INDOOR DINING,488
2177,CURBSIDE PICKUP,488
2178,TRAINED WORKERS,488
2179,ADEQUATE SUPPLIES,488
2180,MASKS REQUIRED,489
2181,DISINFECTION,489
2182,ADEQUATE SUPPLIES,489
2183,MASKS REQUIRED,490
2184,6 FT APART,490
2185,DISINFECTION,490
2186,LOW DENSITY,490
2187,ADEQUATE SUPPLIES,490
2188,6 FT APART,491
2189,OUTDOOR DINING,491
2190,CURBSIDE PICKUP,491
2191,LOW DENSITY,491
2192,ADEQUATE SUPPLIES,491
2193,MASKS REQUIRED,492
2194,OUTDOOR DINING,492
2195,CURBSIDE PICKUP,492
2196,LOW DENSITY,492
2197,6 FT APART,493
2198,DISINFECTION,493
2199,ADEQUATE SUPPLIES,493
2200,MASKS REQUIRED,494
2201,DISINFECTION,494
2202,LOW DENSITY,494
2203,MASKS REQUIRED,495
2204,6 FT APART,495
2205,INDOOR DINING,495
2206,DISINFECTION,495
2207,TRAINED WORKERS,495
2208,LOW DENSITY,495
2209,ADEQUATE SUPPLIES,495
2210,TRAINED WORKERS,496
2211,6 FT APART,497
2212,OUTDOOR DINING,497
2213,INDOOR DINING,497
2214,CURBSIDE PICKUP,497
2215,LOW DENSITY,497
2216,ADEQUATE SUPPLIES,497
2217,OUTDOOR DINING,498
2218,DISINFECTION,498
2219,LOW DENSITY,498
2220,6 FT APART,499
2221,OUTDOOR DINING,499
2222,INDOOR DINING,499
2223,DISINFECTION,499
2224,MASKS REQUIRED,500
2225,6 FT APART,500
2226,OUTDOOR DINING,500
2227,CURBSIDE PICKUP,500
2228,DISINFECTION,500
2229,LOW DENSITY,500
2230,6 FT APART,501
2231,OUTDOOR DINING,501
2232,CURBSIDE PICKUP,501
2233,DISINFECTION,501
2234,ADEQUATE SUPPLIES,501
2235,MASKS REQUIRED,502
2236,CURBSIDE PICKUP,502
2237,TRAINED WORKERS,502
2238,ADEQUATE SUPPLIES,502
2239,MASKS REQUIRED,503
2240,6 FT APART,503
2241,CURBSIDE PICKUP,503
2242,ADEQUATE SUPPLIES,503
2243,6 FT APART,504
2244,ADEQUATE SUPPLIES,504
2245,6 FT APART,505
2246,MASKS REQUIRED,506
2247,TRAINED WORKERS,506
2248,LOW DENSITY,506
2249,ADEQUATE SUPPLIES,506
2250,6 FT APART,507
2251,OUTDOOR DINING,507
2252,INDOOR DINING,507
2253,DISINFECTION,507
2254,LOW DENSITY,507
2255,6 FT APART,508
2256,INDOOR DINING,508
2257,CURBSIDE PICKUP,508
2258,LOW DENSITY,508
2259,ADEQUATE SUPPLIES,508
2260,MASKS REQUIRED,509
2261,6 FT APART,509
2262,INDOOR DINING,509
2263,TRAINED WORKERS,509
2264,LOW DENSITY,509
2265,ADEQUATE SUPPLIES,509
2266,MASKS REQUIRED,510
2267,INDOOR DINING,510
2268,DISINFECTION,510
2269,LOW DENSITY,510
2270,MASKS REQUIRED,511
2271,OUTDOOR DINING,511
2272,TRAINED WORKERS,511
2273,LOW DENSITY,511
2274,MASKS REQUIRED,512
2275,6 FT APART,512
2276,OUTDOOR DINING,512
2277,INDOOR DINING,512
2278,CURBSIDE PICKUP,512
2279,DISINFECTION,512
2280,TRAINED WORKERS,512
2281,ADEQUATE SUPPLIES,512
2282,MASKS REQUIRED,513
2283,DISINFECTION,513
2284,LOW DENSITY,513
2285,MASKS REQUIRED,514
2286,INDOOR DINING,514
2287,CURBSIDE PICKUP,514
2288,DISINFECTION,514
2289,TRAINED WORKERS,514
2290,MASKS REQUIRED,515
2291,6 FT APART,515
2292,INDOOR DINING,515
2293,CURBSIDE PICKUP,515
2294,TRAINED WORKERS,515
2295,MASKS REQUIRED,516
2296,CURBSIDE PICKUP,516
2297,DISINFECTION,516
2298,OUTDOOR DINING,517
2299,INDOOR DINING,517
2300,TRAINED WORKERS,517
2301,LOW DENSITY,517
2302,ADEQUATE SUPPLIES,517
2303,OUTDOOR DINING,518
2304,CURBSIDE PICKUP,518
2305,DISINFECTION,518
2306,TRAINED WORKERS,518
2307,LOW DENSITY,518
2308,6 FT APART,519
2309,DISINFECTION,519
2310,ADEQUATE SUPPLIES,519
2311,MASKS REQUIRED,520
2312,OUTDOOR DINING,520
2313,INDOOR DINING,520
2314,CURBSIDE PICKUP,520
2315,DISINFECTION,520
2316,ADEQUATE SUPPLIES,520
2317,6 FT APART,521
2318,INDOOR DINING,521
2319,CURBSIDE PICKUP,521
2320,DISINFECTION,521
2321,LOW DENSITY,521
2322,CURBSIDE PICKUP,522
2323,TRAINED WORKERS,522
2324,LOW DENSITY,522
2325,ADEQUATE SUPPLIES,522
2326,INDOOR DINING,523
2327,DISINFECTION,523
2328,TRAINED WORKERS,523
2329,ADEQUATE SUPPLIES,523
2330,INDOOR DINING,524
2331,DISINFECTION,524
2332,ADEQUATE SUPPLIES,524
2333,6 FT APART,525
2334,INDOOR DINING,525
2335,TRAINED WORKERS,525
2336,ADEQUATE SUPPLIES,525
2337,MASKS REQUIRED,526
2338,OUTDOOR DINING,526
2339,CURBSIDE PICKUP,526
2340,DISINFECTION,526
2341,ADEQUATE SUPPLIES,526
2342,6 FT APART,527
2343,OUTDOOR DINING,527
2344,INDOOR DINING,527
2345,CURBSIDE PICKUP,527
2346,MASKS REQUIRED,528
2347,OUTDOOR DINING,528
2348,CURBSIDE PICKUP,528
2349,DISINFECTION,528
2350,LOW DENSITY,528
2351,CURBSIDE PICKUP,529
2352,DISINFECTION,529
2353,TRAINED WORKERS,529
2354,ADEQUATE SUPPLIES,529
2355,OUTDOOR DINING,530
2356,INDOOR DINING,530
2357,TRAINED WORKERS,531
2358,LOW DENSITY,531
2359,6 FT APART,532
2360,INDOOR DINING,532
2361,CURBSIDE PICKUP,532
2362,DISINFECTION,532
2363,ADEQUATE SUPPLIES,532
2364,INDOOR DINING,533
2365,DISINFECTION,533
2366,LOW DENSITY,533
2367,MASKS REQUIRED,534
2368,DISINFECTION,534
2369,TRAINED WORKERS,534
2370,ADEQUATE SUPPLIES,534
2371,6 FT APART,535
2372,INDOOR DINING,535
2373,CURBSIDE PICKUP,535
2374,DISINFECTION,535
2375,TRAINED WORKERS,535
2376,LOW DENSITY,535
2377,MASKS REQUIRED,536
2378,OUTDOOR DINING,536
2379,INDOOR DINING,536
2380,CURBSIDE PICKUP,536
2381,DISINFECTION,536
2382,LOW DENSITY,536
2383,ADEQUATE SUPPLIES,536
2384,OUTDOOR DINING,537
2385,CURBSIDE PICKUP,537
2386,DISINFECTION,537
2387,TRAINED WORKERS,537
2388,LOW DENSITY,537
2389,ADEQUATE SUPPLIES,537
2390,MASKS REQUIRED,538
2391,CURBSIDE PICKUP,538
2392,MASKS REQUIRED,539
2393,INDOOR DINING,539
2394,CURBSIDE PICKUP,539
2395,DISINFECTION,539
2396,MASKS REQUIRED,540
2397,OUTDOOR DINING,540
2398,INDOOR DINING,540
2399,DISINFECTION,540
2400,TRAINED WORKERS,540
2401,ADEQUATE SUPPLIES,540
2402,MASKS REQUIRED,541
2403,OUTDOOR DINING,541
2404,INDOOR DINING,541
2405,MASKS REQUIRED,542
2406,CURBSIDE PICKUP,542
2407,TRAINED WORKERS,542
2408,DISINFECTION,543
2409,TRAINED WORKERS,543
2410,ADEQUATE SUPPLIES,543
2411,6 FT APART,544
2412,OUTDOOR DINING,544
2413,INDOOR DINING,544
2414,DISINFECTION,544
2415,LOW DENSITY,544
2416,MASKS REQUIRED,545
2417,OUTDOOR DINING,545
2418,CURBSIDE PICKUP,545
2419,MASKS REQUIRED,546
2420,LOW DENSITY,546
2421,ADEQUATE SUPPLIES,546
2422,MASKS REQUIRED,547
2423,6 FT APART,547
2424,OUTDOOR DINING,547
2425,CURBSIDE PICKUP,547
2426,DISINFECTION,547
2427,TRAINED WORKERS,547
2428,LOW DENSITY,547
2429,6 FT APART,548
2430,CURBSIDE PICKUP,548
2431,TRAINED WORKERS,548
2432,LOW DENSITY,548
2433,6 FT APART,549
2434,DISINFECTION,549
2435,LOW DENSITY,549
2436,MASKS REQUIRED,550
2437,CURBSIDE PICKUP,550
2438,DISINFECTION,550
2439,LOW DENSITY,550
2440,ADEQUATE SUPPLIES,550
2441,MASKS REQUIRED,551
2442,INDOOR DINING,551
2443,DISINFECTION,551
2444,6 FT APART,552
2445,DISINFECTION,552
2446,LOW DENSITY,552
2447,ADEQUATE SUPPLIES,552
2448,6 FT APART,553
2449,OUTDOOR DINING,553
2450,INDOOR DINING,553
2451,DISINFECTION,553
2452,ADEQUATE SUPPLIES,553
2453,MASKS REQUIRED,554
2454,OUTDOOR DINING,554
2455,TRAINED WORKERS,554
2456,LOW DENSITY,554
2457,OUTDOOR DINING,555
2458,DISINFECTION,555
2459,TRAINED WORKERS,555
2460,LOW DENSITY,555
2461,MASKS REQUIRED,556
2462,INDOOR DINING,556
2463,CURBSIDE PICKUP,556
2464,DISINFECTION,556
2465,TRAINED WORKERS,556
2466,LOW DENSITY,556
2467,6 FT APART,557
2468,OUTDOOR DINING,557
2469,INDOOR DINING,557
2470,DISINFECTION,557
2471,TRAINED WORKERS,557
2472,ADEQUATE SUPPLIES,557
2473,MASKS REQUIRED,558
2474,CURBSIDE PICKUP,558
2475,DISINFECTION,558
2476,TRAINED WORKERS,558
2477,LOW DENSITY,558
2478,ADEQUATE SUPPLIES,558
2479,6 FT APART,559
2480,CURBSIDE PICKUP,559
2481,DISINFECTION,559
2482,TRAINED WORKERS,559
2483,MASKS REQUIRED,560
2484,OUTDOOR DINING,560
2485,DISINFECTION,560
2486,TRAINED WORKERS,560
2487,MASKS REQUIRED,561
2488,INDOOR DINING,561
2489,CURBSIDE PICKUP,561
2490,TRAINED WORKERS,561
2491,MASKS REQUIRED,562
2492,INDOOR DINING,562
2493,CURBSIDE PICKUP,562
2494,DISINFECTION,562
2495,TRAINED WORKERS,562
2496,LOW DENSITY,562
2497,INDOOR DINING,563
2498,CURBSIDE PICKUP,563
2499,DISINFECTION,563
2500,TRAINED WORKERS,563
2501,6 FT APART,564
2502,OUTDOOR DINING,564
2503,OUTDOOR DINING,565
2504,DISINFECTION,565
2505,TRAINED WORKERS,565
2506,MASKS REQUIRED,566
2507,6 FT APART,566
2508,OUTDOOR DINING,566
2509,INDOOR DINING,566
2510,DISINFECTION,566
2511,MASKS REQUIRED,567
2512,6 FT APART,567
2513,CURBSIDE PICKUP,567
2514,DISINFECTION,567
2515,LOW DENSITY,567
2516,MASKS REQUIRED,568
2517,6 FT APART,568
2518,OUTDOOR DINING,568
2519,CURBSIDE PICKUP,568
2520,DISINFECTION,568
2521,TRAINED WORKERS,568
2522,6 FT APART,569
2523,OUTDOOR DINING,569
2524,INDOOR DINING,569
2525,DISINFECTION,569
2526,TRAINED WORKERS,569
2527,LOW DENSITY,569
2528,MASKS REQUIRED,570
2529,6 FT APART,570
2530,LOW DENSITY,570
2531,MASKS REQUIRED,571
2532,6 FT APART,571
2533,OUTDOOR DINING,571
2534,DISINFECTION,571
2535,OUTDOOR DINING,572
2536,INDOOR DINING,572
2537,CURBSIDE PICKUP,572
2538,6 FT APART,573
2539,INDOOR DINING,573
2540,ADEQUATE SUPPLIES,573
2541,MASKS REQUIRED,574
2542,DISINFECTION,574
2543,TRAINED WORKERS,574
2544,LOW DENSITY,574
2545,OUTDOOR DINING,575
2546,INDOOR DINING,575
2547,CURBSIDE PICKUP,575
2548,DISINFECTION,575
2549,LOW DENSITY,575
2550,DISINFECTION,576
2551,ADEQUATE SUPPLIES,576
2552,INDOOR DINING,577
2553,TRAINED WORKERS,577
2554,LOW DENSITY,577
2555,CURBSIDE PICKUP,578
2556,TRAINED WORKERS,578
2557,ADEQUATE SUPPLIES,578
2558,MASKS REQUIRED,579
2559,DISINFECTION,579
2560,LOW DENSITY,579
2561,ADEQUATE SUPPLIES,579
2562,MASKS REQUIRED,580
2563,OUTDOOR DINING,580
2564,INDOOR DINING,580
2565,DISINFECTION,580
2566,ADEQUATE SUPPLIES,580
2567,6 FT APART,581
2568,CURBSIDE PICKUP,581
2569,DISINFECTION,581
2570,TRAINED WORKERS,581
2571,ADEQUATE SUPPLIES,581
2572,MASKS REQUIRED,582
2573,6 FT APART,582
2574,DISINFECTION,582
2575,TRAINED WORKERS,582
2576,LOW DENSITY,582
2577,6 FT APART,583
2578,CURBSIDE PICKUP,583
2579,ADEQUATE SUPPLIES,583
2580,6 FT APART,584
2581,INDOOR DINING,584
2582,CURBSIDE PICKUP,584
2583,DISINFECTION,584
2584,LOW DENSITY,584
2585,OUTDOOR DINING,585
2586,INDOOR DINING,585
2587,CURBSIDE PICKUP,585
2588,DISINFECTION,585
2589,TRAINED WORKERS,585
2590,ADEQUATE SUPPLIES,585
2591,INDOOR DINING,586
2592,DISINFECTION,586
2593,ADEQUATE SUPPLIES,586
2594,6 FT APART,587
2595,OUTDOOR DINING,587
2596,INDOOR DINING,587
2597,TRAINED WORKERS,587
2598,LOW DENSITY,587
2599,6 FT APART,588
2600,OUTDOOR DINING,588
2601,TRAINED WORKERS,588
2602,ADEQUATE SUPPLIES,588
2603,MASKS REQUIRED,589
2604,OUTDOOR DINING,589
2605,CURBSIDE PICKUP,589
2606,DISINFECTION,589
2607,TRAINED WORKERS,589
2608,LOW DENSITY,589
2609,MASKS REQUIRED,590
2610,CURBSIDE PICKUP,590
2611,DISINFECTION,590
2612,TRAINED WORKERS,590
2613,LOW DENSITY,590
2614,ADEQUATE SUPPLIES,590
2615,MASKS REQUIRED,591
2616,INDOOR DINING,591
2617,DISINFECTION,591
2618,LOW DENSITY,591
2619,ADEQUATE SUPPLIES,591
2620,OUTDOOR DINING,592
2621,INDOOR DINING,592
2622,CURBSIDE PICKUP,592
2623,TRAINED WORKERS,592
2624,MASKS REQUIRED,593
2625,TRAINED WORKERS,593
2626,LOW DENSITY,593
2627,ADEQUATE SUPPLIES,593
2628,6 FT APART,594
2629,OUTDOOR DINING,594
2630,TRAINED WORKERS,594
2631,LOW DENSITY,594
2632,ADEQUATE SUPPLIES,594
2633,MASKS REQUIRED,595
2634,6 FT APART,595
2635,CURBSIDE PICKUP,595
2636,6 FT APART,596
2637,INDOOR DINING,596
2638,CURBSIDE PICKUP,596
2639,TRAINED WORKERS,596
2640,LOW DENSITY,596
2641,6 FT APART,597
2642,INDOOR DINING,597
2643,CURBSIDE PICKUP,597
2644,DISINFECTION,597
2645,LOW DENSITY,597
2646,ADEQUATE SUPPLIES,597
2647,OUTDOOR DINING,598
2648,CURBSIDE PICKUP,598
2649,LOW DENSITY,598
2650,INDOOR DINING,599
2651,CURBSIDE PICKUP,599
2652,LOW DENSITY,599
2653,ADEQUATE SUPPLIES,599
2654,MASKS REQUIRED,600
2655,OUTDOOR DINING,600
2656,CURBSIDE PICKUP,600
2657,DISINFECTION,600
2658,TRAINED WORKERS,600
2659,ADEQUATE SUPPLIES,600
2660,INDOOR DINING,601
2661,CURBSIDE PICKUP,601
2662,DISINFECTION,601
2663,TRAINED WORKERS,601
2664,MASKS REQUIRED,602
2665,DISINFECTION,602
2666,LOW DENSITY,602
2667,ADEQUATE SUPPLIES,602
2668,INDOOR DINING,603
2669,CURBSIDE PICKUP,603
2670,DISINFECTION,603
2671,TRAINED WORKERS,603
2672,OUTDOOR DINING,604
2673,DISINFECTION,604
2674,MASKS REQUIRED,605
2675,6 FT APART,605
2676,TRAINED WORKERS,605
2677,LOW DENSITY,605
2678,ADEQUATE SUPPLIES,605
2679,OUTDOOR DINING,606
2680,ADEQUATE SUPPLIES,606
2681,6 FT APART,607
2682,OUTDOOR DINING,607
2683,INDOOR DINING,607
2684,CURBSIDE PICKUP,607
2685,TRAINED WORKERS,607
2686,LOW DENSITY,607
2687,OUTDOOR DINING,608
2688,TRAINED WORKERS,608
2689,ADEQUATE SUPPLIES,608
2690,INDOOR DINING,609
2691,LOW DENSITY,609
2692,6 FT APART,610
2693,OUTDOOR DINING,610
2694,CURBSIDE PICKUP,610
2695,DISINFECTION,610
2696,LOW DENSITY,610
2697,MASKS REQUIRED,611
2698,INDOOR DINING,611
2699,TRAINED WORKERS,611
2700,LOW DENSITY,611
2701,ADEQUATE SUPPLIES,611
2702,6 FT APART,612
2703,INDOOR DINING,612
2704,CURBSIDE PICKUP,612
2705,LOW DENSITY,612
2706,6 FT APART,613
2707,OUTDOOR DINING,613
2708,CURBSIDE PICKUP,613
2709,DISINFECTION,613
2710,TRAINED WORKERS,613
2711,LOW DENSITY,613
2712,ADEQUATE SUPPLIES,613
2713,MASKS REQUIRED,614
2714,OUTDOOR DINING,614
2715,INDOOR DINING,614
2716,TRAINED WORKERS,614
2717,LOW DENSITY,614
2718,ADEQUATE SUPPLIES,614
2719,6 FT APART,615
2720,OUTDOOR DINING,615
2721,CURBSIDE PICKUP,615
2722,ADEQUATE SUPPLIES,615
2723,INDOOR DINING,616
2724,LOW DENSITY,616
2725,INDOOR DINING,617
2726,CURBSIDE PICKUP,617
2727,DISINFECTION,617
2728,TRAINED WORKERS,617
2729,LOW DENSITY,617
2730,ADEQUATE SUPPLIES,617
2731,MASKS REQUIRED,618
2732,DISINFECTION,618
2733,TRAINED WORKERS,618
2734,LOW DENSITY,618
2735,6 FT APART,619
2736,ADEQUATE SUPPLIES,619
2737,MASKS REQUIRED,620
2738,INDOOR DINING,620
2739,DISINFECTION,620
2740,TRAINED WORKERS,620
2741,INDOOR DINING,621
2742,CURBSIDE PICKUP,621
2743,TRAINED WORKERS,621
2744,6 FT APART,622
2745,OUTDOOR DINING,622
2746,DISINFECTION,622
2747,TRAINED WORKERS,622
2748,6 FT APART,623
2749,CURBSIDE PICKUP,623
2750,DISINFECTION,623
2751,6 FT APART,624
2752,OUTDOOR DINING,624
2753,CURBSIDE PICKUP,624
2754,TRAINED WORKERS,624
2755,6 FT APART,625
2756,OUTDOOR DINING,625
2757,CURBSIDE PICKUP,625
2758,DISINFECTION,625
2759,TRAINED WORKERS,625
2760,LOW DENSITY,625
2761,MASKS REQUIRED,626
2762,6 FT APART,626
2763,INDOOR DINING,626
2764,CURBSIDE PICKUP,626
2765,DISINFECTION,626
2766,LOW DENSITY,626
2767,ADEQUATE SUPPLIES,626
2768,MASKS REQUIRED,627
2769,INDOOR DINING,627
2770,LOW DENSITY,627
2771,ADEQUATE SUPPLIES,627
2772,MASKS REQUIRED,628
2773,6 FT APART,628
2774,OUTDOOR DINING,628
2775,TRAINED WORKERS,628
2776,ADEQUATE SUPPLIES,628
2777,MASKS REQUIRED,629
2778,6 FT APART,629
2779,OUTDOOR DINING,629
2780,INDOOR DINING,629
2781,MASKS REQUIRED,630
2782,TRAINED WORKERS,630
2783,MASKS REQUIRED,631
2784,6 FT APART,631
2785,INDOOR DINING,631
2786,DISINFECTION,631
2787,LOW DENSITY,631
2788,MASKS REQUIRED,632
2789,6 FT APART,632
2790,CURBSIDE PICKUP,632
2791,LOW DENSITY,632
2792,ADEQUATE SUPPLIES,632
2793,MASKS REQUIRED,633
2794,INDOOR DINING,633
2795,DISINFECTION,633
2796,TRAINED WORKERS,633
2797,LOW DENSITY,633
2798,6 FT APART,634
2799,OUTDOOR DINING,634
2800,INDOOR DINING,634
2801,CURBSIDE PICKUP,634
2802,MASKS REQUIRED,635
2803,6 FT APART,635
2804,OUTDOOR DINING,635
2805,CURBSIDE PICKUP,635
2806,DISINFECTION,635
2807,TRAINED WORKERS,635
2808,OUTDOOR DINING,636
2809,INDOOR DINING,636
2810,CURBSIDE PICKUP,636
2811,LOW DENSITY,636
2812,INDOOR DINING,637
2813,CURBSIDE PICKUP,637
2814,DISINFECTION,637
2815,TRAINED WORKERS,637
2816,ADEQUATE SUPPLIES,637
2817,TRAINED WORKERS,638
2818,LOW DENSITY,638
2819,ADEQUATE SUPPLIES,638
2820,MASKS REQUIRED,639
2821,OUTDOOR DINING,639
2822,INDOOR DINING,639
2823,CURBSIDE PICKUP,639
2824,INDOOR DINING,640
2825,CURBSIDE PICKUP,640
2826,DISINFECTION,640
2827,TRAINED WORKERS,640
2828,LOW DENSITY,640
2829,ADEQUATE SUPPLIES,640
2830,MASKS REQUIRED,641
2831,6 FT APART,641
2832,OUTDOOR DINING,641
2833,TRAINED WORKERS,641
2834,ADEQUATE SUPPLIES,641
2835,MASKS REQUIRED,642
2836,6 FT APART,642
2837,OUTDOOR DINING,642
2838,CURBSIDE PICKUP,642
2839,DISINFECTION,642
2840,TRAINED WORKERS,642
2841,LOW DENSITY,642
2842,MASKS REQUIRED,643
2843,OUTDOOR DINING,643
2844,INDOOR DINING,643
2845,DISINFECTION,643
2846,6 FT APART,644
2847,OUTDOOR DINING,644
2848,CURBSIDE PICKUP,644
2849,MASKS REQUIRED,645
2850,6 FT APART,645
2851,DISINFECTION,645
2852,TRAINED WORKERS,645
2853,MASKS REQUIRED,646
2854,INDOOR DINING,646
2855,CURBSIDE PICKUP,646
2856,OUTDOOR DINING,647
2857,CURBSIDE PICKUP,647
2858,TRAINED WORKERS,647
2859,LOW DENSITY,647
2860,MASKS REQUIRED,648
2861,6 FT APART,649
2862,CURBSIDE PICKUP,649
2863,DISINFECTION,649
2864,MASKS REQUIRED,650
2865,OUTDOOR DINING,650
2866,DISINFECTION,650
2867,LOW DENSITY,650
2868,INDOOR DINING,651
2869,MASKS REQUIRED,652
2870,6 FT APART,652
2871,OUTDOOR DINING,652
2872,INDOOR DINING,652
2873,CURBSIDE PICKUP,652
2874,TRAINED WORKERS,652
2875,OUTDOOR DINING,653
2876,CURBSIDE PICKUP,653
2877,TRAINED WORKERS,653
2878,LOW DENSITY,653
2879,INDOOR DINING,654
2880,DISINFECTION,654
2881,TRAINED WORKERS,654
2882,LOW DENSITY,654
2883,ADEQUATE SUPPLIES,654
2884,MASKS REQUIRED,655
2885,OUTDOOR DINING,655
2886,INDOOR DINING,655
2887,CURBSIDE PICKUP,655
2888,DISINFECTION,655
2889,TRAINED WORKERS,655
2890,ADEQUATE SUPPLIES,655
2891,6 FT APART,656
2892,INDOOR DINING,656
2893,CURBSIDE PICKUP,656
2894,MASKS REQUIRED,657
2895,OUTDOOR DINING,657
2896,CURBSIDE PICKUP,657
2897,DISINFECTION,657
2898,6 FT APART,658
2899,OUTDOOR DINING,658
2900,INDOOR DINING,658
2901,DISINFECTION,658
2902,TRAINED WORKERS,658
2903,LOW DENSITY,658
2904,ADEQUATE SUPPLIES,658
2905,INDOOR DINING,659
2906,CURBSIDE PICKUP,659
2907,DISINFECTION,659
2908,TRAINED WORKERS,659
2909,LOW DENSITY,659
2910,INDOOR DINING,660
2911,CURBSIDE PICKUP,660
2912,DISINFECTION,660
2913,LOW DENSITY,660
2914,ADEQUATE SUPPLIES,660
2915,MASKS REQUIRED,661
2916,OUTDOOR DINING,661
2917,INDOOR DINING,661
2918,CURBSIDE PICKUP,661
2919,TRAINED WORKERS,661
2920,ADEQUATE SUPPLIES,661
2921,OUTDOOR DINING,662
2922,INDOOR DINING,662
2923,TRAINED WORKERS,662
2924,LOW DENSITY,662
2925,OUTDOOR DINING,663
2926,DISINFECTION,663
2927,LOW DENSITY,663
2928,DISINFECTION,664
2929,LOW DENSITY,664
2930,ADEQUATE SUPPLIES,664
2931,MASKS REQUIRED,665
2932,OUTDOOR DINING,665
2933,INDOOR DINING,665
2934,DISINFECTION,665
2935,TRAINED WORKERS,665
2936,LOW DENSITY,665
2937,ADEQUATE SUPPLIES,665
2938,MASKS REQUIRED,666
2939,6 FT APART,666
2940,OUTDOOR DINING,666
2941,INDOOR DINING,666
2942,CURBSIDE PICKUP,666
2943,DISINFECTION,666
2944,TRAINED WORKERS,666
2945,LOW DENSITY,666
2946,MASKS REQUIRED,667
2947,OUTDOOR DINING,667
2948,INDOOR DINING,667
2949,TRAINED WORKERS,667
2950,ADEQUATE SUPPLIES,667
2951,MASKS REQUIRED,668
2952,OUTDOOR DINING,668
2953,DISINFECTION,668
2954,TRAINED WORKERS,668
2955,LOW DENSITY,668
2956,ADEQUATE SUPPLIES,668
2957,MASKS REQUIRED,669
2958,6 FT APART,669
2959,CURBSIDE PICKUP,669
2960,TRAINED WORKERS,669
2961,6 FT APART,670
2962,ADEQUATE SUPPLIES,670
2963,MASKS REQUIRED,671
2964,6 FT APART,671
2965,OUTDOOR DINING,671
2966,INDOOR DINING,671
2967,DISINFECTION,671
2968,LOW DENSITY,671
2969,MASKS REQUIRED,672
2970,6 FT APART,672
2971,OUTDOOR DINING,672
2972,INDOOR DINING,672
2973,CURBSIDE PICKUP,672
2974,DISINFECTION,672
2975,TRAINED WORKERS,672
2976,LOW DENSITY,672
2977,MASKS REQUIRED,673
2978,6 FT APART,673
2979,OUTDOOR DINING,673
2980,CURBSIDE PICKUP,673
2981,DISINFECTION,673
2982,TRAINED WORKERS,673
2983,LOW DENSITY,673
2984,ADEQUATE SUPPLIES,673
2985,MASKS REQUIRED,674
2986,OUTDOOR DINING,674
2987,INDOOR DINING,674
2988,CURBSIDE PICKUP,674
2989,LOW DENSITY,674
2990,ADEQUATE SUPPLIES,674
2991,MASKS REQUIRED,675
2992,6 FT APART,675
2993,INDOOR DINING,675
2994,DISINFECTION,675
2995,LOW DENSITY,675
2996,MASKS REQUIRED,676
2997,CURBSIDE PICKUP,676
2998,DISINFECTION,676
2999,TRAINED WORKERS,676
3000,LOW DENSITY,676
3001,OUTDOOR DINING,677
3002,DISINFECTION,677
3003,LOW DENSITY,677
3004,ADEQUATE SUPPLIES,677
3005,MASKS REQUIRED,678
3006,6 FT APART,678
3007,OUTDOOR DINING,678
3008,INDOOR DINING,678
3009,CURBSIDE PICKUP,678
3010,MASKS REQUIRED,679
3011,TRAINED WORKERS,679
3012,MASKS REQUIRED,680
3013,OUTDOOR DINING,680
3014,CURBSIDE PICKUP,680
3015,DISINFECTION,680
3016,LOW DENSITY,680
3017,ADEQUATE SUPPLIES,680
3018,6 FT APART,681
3019,OUTDOOR DINING,681
3020,DISINFECTION,681
3021,LOW DENSITY,681
3022,ADEQUATE SUPPLIES,681
3023,MASKS REQUIRED,682
3024,6 FT APART,682
3025,INDOOR DINING,682
3026,DISINFECTION,682
3027,MASKS REQUIRED,683
3028,6 FT APART,684
3029,OUTDOOR DINING,684
3030,INDOOR DINING,684
3031,DISINFECTION,684
3032,ADEQUATE SUPPLIES,684
3033,OUTDOOR DINING,685
3034,INDOOR DINING,685
3035,ADEQUATE SUPPLIES,685
3036,CURBSIDE PICKUP,686
3037,TRAINED WORKERS,686
3038,LOW DENSITY,686
3039,ADEQUATE SUPPLIES,686
3040,MASKS REQUIRED,687
3041,OUTDOOR DINING,687
3042,CURBSIDE PICKUP,687
3043,ADEQUATE SUPPLIES,687
3044,MASKS REQUIRED,688
3045,6 FT APART,688
3046,CURBSIDE PICKUP,688
3047,DISINFECTION,688
3048,TRAINED WORKERS,688
3049,OUTDOOR DINING,689
3050,INDOOR DINING,689
3051,TRAINED WORKERS,689
3052,LOW DENSITY,689
3053,ADEQUATE SUPPLIES,689
3054,OUTDOOR DINING,690
3055,LOW DENSITY,690
3056,ADEQUATE SUPPLIES,690
3057,OUTDOOR DINING,691
3058,ADEQUATE SUPPLIES,691
3059,6 FT APART,692
3060,LOW DENSITY,692
3061,MASKS REQUIRED,693
3062,OUTDOOR DINING,693
3063,LOW DENSITY,693
3064,ADEQUATE SUPPLIES,693
3065,MASKS REQUIRED,694
3066,ADEQUATE SUPPLIES,694
3067,6 FT APART,695
3068,TRAINED WORKERS,695
3069,ADEQUATE SUPPLIES,695
3070,MASKS REQUIRED,696
3071,TRAINED WORKERS,696
3072,ADEQUATE SUPPLIES,696
3073,MASKS REQUIRED,697
3074,6 FT APART,697
3075,INDOOR DINING,697
3076,CURBSIDE PICKUP,697
3077,TRAINED WORKERS,697
3078,ADEQUATE SUPPLIES,697
3079,6 FT APART,698
3080,INDOOR DINING,698
3081,DISINFECTION,698
3082,OUTDOOR DINING,699
3083,INDOOR DINING,699
3084,CURBSIDE PICKUP,699
3085,OUTDOOR DINING,700
3086,TRAINED WORKERS,700
3087,ADEQUATE SUPPLIES,700
3088,6 FT APART,701
3089,OUTDOOR DINING,701
3090,TRAINED WORKERS,701
3091,LOW DENSITY,701
3092,ADEQUATE SUPPLIES,701
3093,MASKS REQUIRED,702
3094,INDOOR DINING,702
3095,LOW DENSITY,702
3096,MASKS REQUIRED,703
3097,6 FT APART,703
3098,CURBSIDE PICKUP,703
3099,TRAINED WORKERS,703
3100,LOW DENSITY,703
3101,MASKS REQUIRED,704
3102,CURBSIDE PICKUP,704
3103,DISINFECTION,704
3104,LOW DENSITY,704
3105,MASKS REQUIRED,705
3106,6 FT APART,705
3107,OUTDOOR DINING,705
3108,INDOOR DINING,705
3109,CURBSIDE PICKUP,705
3110,DISINFECTION,705
3111,LOW DENSITY,705
3112,MASKS REQUIRED,706
3113,6 FT APART,706
3114,OUTDOOR DINING,706
3115,INDOOR DINING,706
3116,DISINFECTION,706
3117,TRAINED WORKERS,706
3118,ADEQUATE SUPPLIES,706
3119,OUTDOOR DINING,707
3120,INDOOR DINING,707
3121,TRAINED WORKERS,707
3122,CURBSIDE PICKUP,708
3123,TRAINED WORKERS,708
3124,LOW DENSITY,708
3125,6 FT APART,709
3126,INDOOR DINING,709
3127,CURBSIDE PICKUP,709
3128,DISINFECTION,709
3129,6 FT APART,710
3130,OUTDOOR DINING,710
3131,CURBSIDE PICKUP,710
3132,DISINFECTION,710
3133,TRAINED WORKERS,710
3134,ADEQUATE SUPPLIES,710
3135,TRAINED WORKERS,711
3136,LOW DENSITY,711
3137,ADEQUATE SUPPLIES,711
3138,MASKS REQUIRED,712
3139,INDOOR DINING,712
3140,CURBSIDE PICKUP,712
3141,DISINFECTION,712
3142,6 FT APART,713
3143,OUTDOOR DINING,713
3144,6 FT APART,714
3145,INDOOR DINING,714
3146,CURBSIDE PICKUP,714
3147,DISINFECTION,714
3148,LOW DENSITY,714
3149,6 FT APART,715
3150,OUTDOOR DINING,715
3151,INDOOR DINING,715
3152,DISINFECTION,715
3153,TRAINED WORKERS,715
3154,TRAINED WORKERS,716
3155,LOW DENSITY,716
3156,ADEQUATE SUPPLIES,716
3157,MASKS REQUIRED,717
3158,OUTDOOR DINING,717
3159,LOW DENSITY,717
3160,ADEQUATE SUPPLIES,717
3161,6 FT APART,718
3162,OUTDOOR DINING,718
3163,INDOOR DINING,718
3164,CURBSIDE PICKUP,718
3165,DISINFECTION,718
3166,TRAINED WORKERS,718
3167,LOW DENSITY,718
3168,INDOOR DINING,719
3169,CURBSIDE PICKUP,719
3170,DISINFECTION,719
3171,TRAINED WORKERS,719
3172,ADEQUATE SUPPLIES,719
3173,OUTDOOR DINING,720
3174,INDOOR DINING,720
3175,DISINFECTION,720
3176,TRAINED WORKERS,720
3177,ADEQUATE SUPPLIES,720
3178,6 FT APART,721
3179,OUTDOOR DINING,721
3180,DISINFECTION,721
3181,LOW DENSITY,721
3182,ADEQUATE SUPPLIES,721
3183,OUTDOOR DINING,722
3184,CURBSIDE PICKUP,722
3185,DISINFECTION,722
3186,LOW DENSITY,722
3187,OUTDOOR DINING,723
3188,CURBSIDE PICKUP,723
3189,DISINFECTION,723
3190,LOW DENSITY,723
3191,MASKS REQUIRED,724
3192,6 FT APART,724
3193,DISINFECTION,724
3194,MASKS REQUIRED,725
3195,OUTDOOR DINING,725
3196,DISINFECTION,725
3197,TRAINED WORKERS,725
3198,6 FT APART,726
3199,LOW DENSITY,726
3200,ADEQUATE SUPPLIES,726
3201,OUTDOOR DINING,727
3202,INDOOR DINING,727
3203,DISINFECTION,727
3204,TRAINED WORKERS,727
3205,6 FT APART,728
3206,OUTDOOR DINING,728
3207,DISINFECTION,728
3208,TRAINED WORKERS,728
3209,OUTDOOR DINING,729
3210,ADEQUATE SUPPLIES,729
3211,MASKS REQUIRED,730
3212,6 FT APART,730
3213,INDOOR DINING,730
3214,DISINFECTION,730
3215,TRAINED WORKERS,730
3216,MASKS REQUIRED,731
3217,INDOOR DINING,731
3218,6 FT APART,732
3219,INDOOR DINING,732
3220,LOW DENSITY,732
3221,ADEQUATE SUPPLIES,732
3222,6 FT APART,733
3223,OUTDOOR DINING,733
3224,DISINFECTION,733
3225,TRAINED WORKERS,733
3226,ADEQUATE SUPPLIES,733
3227,MASKS REQUIRED,734
3228,CURBSIDE PICKUP,734
3229,TRAINED WORKERS,734
3230,LOW DENSITY,734
3231,ADEQUATE SUPPLIES,734
3232,MASKS REQUIRED,735
3233,6 FT APART,735
3234,OUTDOOR DINING,735
3235,INDOOR DINING,735
3236,CURBSIDE PICKUP,735
3237,LOW DENSITY,735
3238,OUTDOOR DINING,736
3239,CURBSIDE PICKUP,736
3240,DISINFECTION,736
3241,TRAINED WORKERS,736
3242,ADEQUATE SUPPLIES,736
3243,MASKS REQUIRED,737
3244,OUTDOOR DINING,737
3245,INDOOR DINING,737
3246,CURBSIDE PICKUP,737
3247,DISINFECTION,737
3248,ADEQUATE SUPPLIES,737
3249,MASKS REQUIRED,738
3250,INDOOR DINING,738
3251,CURBSIDE PICKUP,738
3252,TRAINED WORKERS,738
3253,LOW DENSITY,738
3254,ADEQUATE SUPPLIES,738
3255,MASKS REQUIRED,739
3256,INDOOR DINING,739
3257,TRAINED WORKERS,739
3258,LOW DENSITY,739
3259,ADEQUATE SUPPLIES,739
3260,MASKS REQUIRED,740
3261,INDOOR DINING,740
3262,CURBSIDE PICKUP,740
3263,LOW DENSITY,740
3264,OUTDOOR DINING,741
3265,INDOOR DINING,741
3266,ADEQUATE SUPPLIES,741
3267,DISINFECTION,742
3268,TRAINED WORKERS,742
3269,LOW DENSITY,742
3270,MASKS REQUIRED,743
3271,OUTDOOR DINING,743
3272,CURBSIDE PICKUP,743
3273,DISINFECTION,743
3274,TRAINED WORKERS,743
3275,INDOOR DINING,744
3276,CURBSIDE PICKUP,744
3277,DISINFECTION,744
3278,TRAINED WORKERS,744
3279,ADEQUATE SUPPLIES,744
3280,INDOOR DINING,745
3281,DISINFECTION,745
3282,TRAINED WORKERS,745
3283,ADEQUATE SUPPLIES,745
3284,MASKS REQUIRED,746
3285,6 FT APART,746
3286,DISINFECTION,746
3287,LOW DENSITY,746
3288,MASKS REQUIRED,747
3289,6 FT APART,747
3290,OUTDOOR DINING,747
3291,INDOOR DINING,747
3292,CURBSIDE PICKUP,747
3293,DISINFECTION,747
3294,TRAINED WORKERS,747
3295,LOW DENSITY,747
3296,6 FT APART,748
3297,DISINFECTION,748
3298,LOW DENSITY,748
3299,ADEQUATE SUPPLIES,748
3300,OUTDOOR DINING,749
3301,INDOOR DINING,749
3302,CURBSIDE PICKUP,749
3303,DISINFECTION,749
3304,ADEQUATE SUPPLIES,749
3305,6 FT APART,750
3306,INDOOR DINING,750
3307,CURBSIDE PICKUP,750
3308,DISINFECTION,750
3309,ADEQUATE SUPPLIES,750
3310,MASKS REQUIRED,751
3311,6 FT APART,751
3312,INDOOR DINING,751
3313,CURBSIDE PICKUP,751
3314,DISINFECTION,751
3315,LOW DENSITY,751
3316,ADEQUATE SUPPLIES,751
3317,TRAINED WORKERS,752
3318,LOW DENSITY,752
3319,MASKS REQUIRED,753
3320,INDOOR DINING,753
3321,CURBSIDE PICKUP,753
3322,LOW DENSITY,753
3323,INDOOR DINING,754
3324,DISINFECTION,754
3325,LOW DENSITY,754
3326,ADEQUATE SUPPLIES,754
3327,MASKS REQUIRED,755
3328,OUTDOOR DINING,755
3329,INDOOR DINING,755
3330,DISINFECTION,755
3331,TRAINED WORKERS,755
3332,LOW DENSITY,755
3333,ADEQUATE SUPPLIES,755
3334,MASKS REQUIRED,756
3335,OUTDOOR DINING,756
3336,INDOOR DINING,756
3337,ADEQUATE SUPPLIES,756
3338,6 FT APART,757
3339,INDOOR DINING,757
3340,CURBSIDE PICKUP,757
3341,DISINFECTION,757
3342,LOW DENSITY,757
3343,OUTDOOR DINING,758
3344,TRAINED WORKERS,758
3345,ADEQUATE SUPPLIES,758
3346,MASKS REQUIRED,759
3347,OUTDOOR DINING,759
3348,INDOOR DINING,759
3349,LOW DENSITY,759
3350,MASKS REQUIRED,760
3351,CURBSIDE PICKUP,760
3352,DISINFECTION,760
3353,TRAINED WORKERS,760
3354,LOW DENSITY,760
3355,6 FT APART,761
3356,OUTDOOR DINING,761
3357,CURBSIDE PICKUP,761
3358,ADEQUATE SUPPLIES,761
3359,MASKS REQUIRED,762
3360,INDOOR DINING,762
3361,CURBSIDE PICKUP,762
3362,TRAINED WORKERS,762
3363,INDOOR DINING,763
3364,DISINFECTION,763
3365,LOW DENSITY,763
3366,6 FT APART,764
3367,CURBSIDE PICKUP,764
3368,DISINFECTION,764
3369,TRAINED WORKERS,764
3370,LOW DENSITY,764
3371,ADEQUATE SUPPLIES,764
3372,6 FT APART,765
3373,OUTDOOR DINING,765
3374,INDOOR DINING,765
3375,CURBSIDE PICKUP,765
3376,DISINFECTION,765
3377,TRAINED WORKERS,765
3378,ADEQUATE SUPPLIES,765
3379,MASKS REQUIRED,766
3380,INDOOR DINING,766
3381,CURBSIDE PICKUP,766
3382,LOW DENSITY,766
3383,ADEQUATE SUPPLIES,766
3384,MASKS REQUIRED,767
3385,6 FT APART,767
3386,OUTDOOR DINING,767
3387,CURBSIDE PICKUP,767
3388,DISINFECTION,767
3389,6 FT APART,768
3390,CURBSIDE PICKUP,768
3391,DISINFECTION,768
3392,6 FT APART,769
3393,OUTDOOR DINING,769
3394,INDOOR DINING,769
3395,TRAINED WORKERS,769
3396,ADEQUATE SUPPLIES,769
3397,6 FT APART,770
3398,INDOOR DINING,770
3399,DISINFECTION,770
3400,TRAINED WORKERS,770
3401,LOW DENSITY,770
3402,ADEQUATE SUPPLIES,770
3403,CURBSIDE PICKUP,771
3404,DISINFECTION,771
3405,MASKS REQUIRED,772
3406,OUTDOOR DINING,772
3407,CURBSIDE PICKUP,772
3408,DISINFECTION,772
3409,LOW DENSITY,772
3410,ADEQUATE SUPPLIES,772
3411,MASKS REQUIRED,773
3412,INDOOR DINING,773
3413,CURBSIDE PICKUP,773
3414,DISINFECTION,773
3415,TRAINED WORKERS,773
3416,ADEQUATE SUPPLIES,773
3417,MASKS REQUIRED,774
3418,OUTDOOR DINING,774
3419,CURBSIDE PICKUP,774
3420,TRAINED WORKERS,774
3421,ADEQUATE SUPPLIES,774
3422,TRAINED WORKERS,775
3423,LOW DENSITY,775
3424,ADEQUATE SUPPLIES,775
3425,MASKS REQUIRED,776
3426,CURBSIDE PICKUP,776
3427,DISINFECTION,776
3428,TRAINED WORKERS,776
3429,LOW DENSITY,776
3430,ADEQUATE SUPPLIES,776
3431,MASKS REQUIRED,777
3432,TRAINED WORKERS,777
3433,ADEQUATE SUPPLIES,777
3434,6 FT APART,778
3435,OUTDOOR DINING,778
3436,INDOOR DINING,778
3437,CURBSIDE PICKUP,778
3438,TRAINED WORKERS,778
3439,ADEQUATE SUPPLIES,778
3440,MASKS REQUIRED,779
3441,OUTDOOR DINING,779
3442,TRAINED WORKERS,779
3443,LOW DENSITY,779
3444,ADEQUATE SUPPLIES,779
3445,MASKS REQUIRED,780
3446,6 FT APART,780
3447,INDOOR DINING,780
3448,CURBSIDE PICKUP,780
3449,TRAINED WORKERS,780
3450,LOW DENSITY,780
3451,ADEQUATE SUPPLIES,780
3452,MASKS REQUIRED,781
3453,6 FT APART,781
3454,CURBSIDE PICKUP,781
3455,TRAINED WORKERS,781
3456,ADEQUATE SUPPLIES,781
3457,MASKS REQUIRED,782
3458,6 FT APART,782
3459,OUTDOOR DINING,782
3460,INDOOR DINING,782
3461,CURBSIDE PICKUP,782
3462,TRAINED WORKERS,782
3463,MASKS REQUIRED,783
3464,OUTDOOR DINING,783
3465,DISINFECTION,783
3466,TRAINED WORKERS,783
3467,LOW DENSITY,783
3468,MASKS REQUIRED,784
3469,OUTDOOR DINING,784
3470,INDOOR DINING,784
3471,CURBSIDE PICKUP,784
3472,DISINFECTION,784
3473,LOW DENSITY,784
3474,ADEQUATE SUPPLIES,784
3475,CURBSIDE PICKUP,785
3476,DISINFECTION,785
3477,ADEQUATE SUPPLIES,785
3478,MASKS REQUIRED,786
3479,6 FT APART,786
3480,INDOOR DINING,786
3481,CURBSIDE PICKUP,786
3482,DISINFECTION,786
3483,LOW DENSITY,786
3484,OUTDOOR DINING,787
3485,INDOOR DINING,787
3486,CURBSIDE PICKUP,787
3487,TRAINED WORKERS,787
3488,LOW DENSITY,787
3489,MASKS REQUIRED,788
3490,OUTDOOR DINING,788
3491,INDOOR DINING,788
3492,TRAINED WORKERS,788
3493,LOW DENSITY,788
3494,ADEQUATE SUPPLIES,788
3495,MASKS REQUIRED,789
3496,6 FT APART,789
3497,OUTDOOR DINING,789
3498,CURBSIDE PICKUP,789
3499,6 FT APART,790
3500,INDOOR DINING,790
3501,DISINFECTION,790
3502,LOW DENSITY,790
3503,MASKS REQUIRED,791
3504,OUTDOOR DINING,791
3505,TRAINED WORKERS,791
3506,MASKS REQUIRED,792
3507,6 FT APART,792
3508,INDOOR DINING,792
3509,DISINFECTION,792
3510,OUTDOOR DINING,793
3511,INDOOR DINING,793
3512,TRAINED WORKERS,793
3513,6 FT APART,794
3514,OUTDOOR DINING,794
3515,ADEQUATE SUPPLIES,794
3516,MASKS REQUIRED,795
3517,6 FT APART,795
3518,CURBSIDE PICKUP,795
3519,TRAINED WORKERS,795
3520,MASKS REQUIRED,796
3521,INDOOR DINING,796
3522,TRAINED WORKERS,796
3523,LOW DENSITY,796
3524,MASKS REQUIRED,797
3525,6 FT APART,797
3526,OUTDOOR DINING,797
3527,ADEQUATE SUPPLIES,797
3528,MASKS REQUIRED,798
3529,6 FT APART,798
3530,OUTDOOR DINING,798
3531,INDOOR DINING,798
3532,DISINFECTION,798
3533,TRAINED WORKERS,798
3534,LOW DENSITY,798
3535,ADEQUATE SUPPLIES,798
3536,OUTDOOR DINING,799
3537,ADEQUATE SUPPLIES,799
3538,MASKS REQUIRED,800
3539,6 FT APART,800
3540,OUTDOOR DINING,800
3541,INDOOR DINING,800
3542,CURBSIDE PICKUP,800
3543,TRAINED WORKERS,800
3544,LOW DENSITY,800
3545,INDOOR DINING,801
3546,TRAINED WORKERS,801
3547,INDOOR DINING,802
3548,CURBSIDE PICKUP,802
3549,DISINFECTION,802
3550,LOW DENSITY,802
3551,INDOOR DINING,803
3552,CURBSIDE PICKUP,803
3553,MASKS REQUIRED,804
3554,DISINFECTION,804
3555,TRAINED WORKERS,804
3556,LOW DENSITY,804
3557,ADEQUATE SUPPLIES,804
3558,MASKS REQUIRED,805
3559,CURBSIDE PICKUP,805
3560,TRAINED WORKERS,805
3561,MASKS REQUIRED,806
3562,6 FT APART,806
3563,OUTDOOR DINING,806
3564,DISINFECTION,806
3565,MASKS REQUIRED,807
3566,6 FT APART,807
3567,LOW DENSITY,807
3568,ADEQUATE SUPPLIES,807
3569,MASKS REQUIRED,808
3570,6 FT APART,808
3571,OUTDOOR DINING,808
3572,INDOOR DINING,808
3573,CURBSIDE PICKUP,808
3574,LOW DENSITY,808
3575,CURBSIDE PICKUP,809
3576,DISINFECTION,809
3577,TRAINED WORKERS,809
3578,TRAINED WORKERS,810
3579,LOW DENSITY,810
3580,ADEQUATE SUPPLIES,810
3581,OUTDOOR DINING,811
3582,INDOOR DINING,811
3583,CURBSIDE PICKUP,811
3584,DISINFECTION,811
3585,6 FT APART,812
3586,OUTDOOR DINING,812
3587,INDOOR DINING,812
3588,DISINFECTION,812
3589,TRAINED WORKERS,812
3590,MASKS REQUIRED,813
3591,INDOOR DINING,813
3592,TRAINED WORKERS,813
3593,MASKS REQUIRED,814
3594,OUTDOOR DINING,814
3595,INDOOR DINING,814
3596,CURBSIDE PICKUP,814
3597,TRAINED WORKERS,814
3598,6 FT APART,815
3599,OUTDOOR DINING,815
3600,INDOOR DINING,815
3601,TRAINED WORKERS,815
3602,LOW DENSITY,815
3603,ADEQUATE SUPPLIES,815
3604,MASKS REQUIRED,816
3605,OUTDOOR DINING,816
3606,INDOOR DINING,816
3607,DISINFECTION,816
3608,LOW DENSITY,816
3609,ADEQUATE SUPPLIES,816
3610,MASKS REQUIRED,817
3611,6 FT APART,817
3612,OUTDOOR DINING,817
3613,INDOOR DINING,817
3614,CURBSIDE PICKUP,817
3615,LOW DENSITY,817
3616,OUTDOOR DINING,818
3617,CURBSIDE PICKUP,818
3618,DISINFECTION,818
3619,TRAINED WORKERS,818
3620,LOW DENSITY,818
3621,ADEQUATE SUPPLIES,818
3622,OUTDOOR DINING,819
3623,DISINFECTION,819
3624,TRAINED WORKERS,819
3625,LOW DENSITY,819
3626,MASKS REQUIRED,820
3627,6 FT APART,820
3628,INDOOR DINING,820
3629,DISINFECTION,820
3630,ADEQUATE SUPPLIES,820
3631,MASKS REQUIRED,821
3632,6 FT APART,821
3633,CURBSIDE PICKUP,821
3634,DISINFECTION,821
3635,TRAINED WORKERS,821
3636,ADEQUATE SUPPLIES,821
3637,MASKS REQUIRED,822
3638,6 FT APART,822
3639,OUTDOOR DINING,822
3640,LOW DENSITY,822
3641,MASKS REQUIRED,823
3642,6 FT APART,823
3643,OUTDOOR DINING,823
3644,LOW DENSITY,823
3645,6 FT APART,824
3646,OUTDOOR DINING,824
3647,INDOOR DINING,824
3648,CURBSIDE PICKUP,824
3649,DISINFECTION,824
3650,TRAINED WORKERS,824
3651,LOW DENSITY,824
3652,ADEQUATE SUPPLIES,824
3653,OUTDOOR DINING,825
3654,CURBSIDE PICKUP,825
3655,DISINFECTION,825
3656,TRAINED WORKERS,825
3657,ADEQUATE SUPPLIES,825
3658,6 FT APART,826
3659,INDOOR DINING,826
3660,LOW DENSITY,826
3661,ADEQUATE SUPPLIES,826
3662,MASKS REQUIRED,827
3663,CURBSIDE PICKUP,827
3664,TRAINED WORKERS,827
3665,6 FT APART,828
3666,INDOOR DINING,828
3667,LOW DENSITY,828
3668,MASKS REQUIRED,829
3669,OUTDOOR DINING,829
3670,INDOOR DINING,829
3671,CURBSIDE PICKUP,829
3672,TRAINED WORKERS,829
3673,LOW DENSITY,829
3674,6 FT APART,830
3675,INDOOR DINING,830
3676,CURBSIDE PICKUP,830
3677,TRAINED WORKERS,830
3678,LOW DENSITY,830
3679,ADEQUATE SUPPLIES,830
3680,6 FT APART,831
3681,OUTDOOR DINING,831
3682,DISINFECTION,831
3683,ADEQUATE SUPPLIES,831
3684,6 FT APART,832
3685,INDOOR DINING,832
3686,CURBSIDE PICKUP,832
3687,DISINFECTION,832
3688,TRAINED WORKERS,832
3689,LOW DENSITY,832
3690,ADEQUATE SUPPLIES,832
